atm_id,nama_atm,kota
1,ATM E,Yogyakarta
2,ATM A,Jakarta
3,ATM A,Surabaya
4,ATM E,Yogyakarta
5,ATM D,Jakarta
6,ATM C,Medan
7,ATM C,Surabaya
8,ATM D,Medan
9,ATM E,Jakarta
10,ATM C,Surabaya
11,ATM D,Yogyakarta
12,ATM A,Yogyakarta
13,ATM B,Jakarta
14,ATM B,Medan
15,ATM A,Bandung
16,ATM A,Medan
17,ATM C,Jakarta
18,ATM D,Yogyakarta
19,ATM C,Yogyakarta
20,ATM A,Medan
21,ATM C,Jakarta
22,ATM E,Jakarta
23,ATM D,Bandung
24,ATM A,Bandung
25,ATM A,Bandung
26,ATM D,Bandung
27,ATM D,Bandung
28,ATM C,Medan
29,ATM D,Surabaya
30,ATM C,Yogyakarta
31,ATM B,Yogyakarta
32,ATM E,Jakarta
33,ATM C,Jakarta
34,ATM D,Bandung
35,ATM A,Medan
36,ATM E,Bandung
37,ATM B,Medan
38,ATM A,Bandung
39,ATM E,Yogyakarta
40,ATM B,Yogyakarta
41,ATM B,Medan
42,ATM E,Bandung
43,ATM D,Bandung
44,ATM E,Jakarta
45,ATM E,Medan
46,ATM D,Yogyakarta
47,ATM B,Jakarta
48,ATM D,Jakarta
49,ATM D,Bandung
50,ATM D,Yogyakarta
51,ATM C,Bandung
52,ATM A,Bandung
53,ATM C,Medan
54,ATM A,Medan
55,ATM D,Medan
56,ATM D,Jakarta
57,ATM C,Jakarta
58,ATM D,Surabaya
59,ATM E,Surabaya
60,ATM C,Jakarta
61,ATM B,Bandung
62,ATM E,Jakarta
63,ATM B,Yogyakarta
64,ATM E,Yogyakarta
65,ATM B,Bandung
66,ATM A,Bandung
67,ATM B,Surabaya
68,ATM D,Surabaya
69,ATM A,Yogyakarta
70,ATM A,Jakarta
71,ATM D,Bandung
72,ATM B,Yogyakarta
73,ATM A,Bandung
74,ATM E,Medan
75,ATM B,Bandung
76,ATM D,Bandung
77,ATM E,Medan
78,ATM E,Surabaya
79,ATM D,Yogyakarta
80,ATM C,Surabaya
81,ATM B,Yogyakarta
82,ATM A,Yogyakarta
83,ATM D,Jakarta
84,ATM E,Surabaya
85,ATM B,Jakarta
86,ATM A,Bandung
87,ATM A,Bandung
88,ATM D,Medan
89,ATM C,Bandung
90,ATM C,Yogyakarta
91,ATM C,Jakarta
92,ATM C,Bandung
93,ATM E,Jakarta
94,ATM D,Surabaya
95,ATM A,Jakarta
96,ATM C,Bandung
97,ATM E,Yogyakarta
98,ATM A,Surabaya
99,ATM B,Bandung
100,ATM D,Yogyakarta
101,ATM C,Bandung
102,ATM D,Surabaya
103,ATM D,Bandung
104,ATM C,Surabaya
105,ATM E,Jakarta
106,ATM C,Surabaya
107,ATM B,Surabaya
108,ATM D,Surabaya
109,ATM D,Medan
110,ATM D,Yogyakarta
111,ATM D,Surabaya
112,ATM C,Jakarta
113,ATM A,Surabaya
114,ATM E,Medan
115,ATM E,Yogyakarta
116,ATM A,Jakarta
117,ATM D,Bandung
118,ATM D,Yogyakarta
119,ATM E,Yogyakarta
120,ATM C,Yogyakarta
121,ATM A,Bandung
122,ATM B,Medan
123,ATM B,Jakarta
124,ATM B,Surabaya
125,ATM D,Surabaya
126,ATM D,Yogyakarta
127,ATM D,Jakarta
128,ATM C,Bandung
129,ATM E,Yogyakarta
130,ATM E,Bandung
131,ATM D,Yogyakarta
132,ATM C,Surabaya
133,ATM C,Medan
134,ATM C,Bandung
135,ATM A,Bandung
136,ATM B,Jakarta
137,ATM E,Bandung
138,ATM E,Bandung
139,ATM B,Jakarta
140,ATM C,Medan
141,ATM D,Bandung
142,ATM A,Surabaya
143,ATM A,Bandung
144,ATM D,Bandung
145,ATM D,Jakarta
146,ATM E,Yogyakarta
147,ATM E,Bandung
148,ATM D,Bandung
149,ATM D,Jakarta
150,ATM C,Jakarta
151,ATM E,Jakarta
152,ATM A,Yogyakarta
153,ATM B,Bandung
154,ATM D,Yogyakarta
155,ATM A,Jakarta
156,ATM D,Surabaya
157,ATM D,Surabaya
158,ATM D,Yogyakarta
159,ATM C,Medan
160,ATM B,Yogyakarta
161,ATM D,Jakarta
162,ATM B,Yogyakarta
163,ATM A,Bandung
164,ATM D,Jakarta
165,ATM E,Bandung
166,ATM C,Bandung
167,ATM E,Surabaya
168,ATM A,Surabaya
169,ATM A,Medan
170,ATM C,Surabaya
171,ATM A,Yogyakarta
172,ATM D,Jakarta
173,ATM B,Jakarta
174,ATM E,Bandung
175,ATM B,Bandung
176,ATM E,Bandung
177,ATM B,Yogyakarta
178,ATM C,Yogyakarta
179,ATM D,Yogyakarta
180,ATM E,Surabaya
181,ATM D,Medan
182,ATM D,Jakarta
183,ATM C,Jakarta
184,ATM A,Medan
185,ATM A,Medan
186,ATM E,Bandung
187,ATM E,Yogyakarta
188,ATM A,Surabaya
189,ATM C,Surabaya
190,ATM D,Medan
191,ATM D,Surabaya
192,ATM E,Jakarta
193,ATM C,Yogyakarta
194,ATM E,Jakarta
195,ATM C,Surabaya
196,ATM A,Yogyakarta
197,ATM B,Medan
198,ATM A,Medan
199,ATM C,Medan
200,ATM D,Yogyakarta
201,ATM D,Medan
202,ATM C,Bandung
203,ATM A,Jakarta
204,ATM E,Bandung
205,ATM D,Surabaya
206,ATM C,Yogyakarta
207,ATM C,Surabaya
208,ATM C,Bandung
209,ATM B,Surabaya
210,ATM C,Medan
211,ATM A,Bandung
212,ATM A,Bandung
213,ATM D,Surabaya
214,ATM D,Surabaya
215,ATM D,Surabaya
216,ATM B,Jakarta
217,ATM A,Bandung
218,ATM D,Medan
219,ATM D,Bandung
220,ATM C,Jakarta
221,ATM B,Medan
222,ATM C,Medan
223,ATM A,Yogyakarta
224,ATM E,Yogyakarta
225,ATM B,Jakarta
226,ATM A,Jakarta
227,ATM C,Bandung
228,ATM E,Jakarta
229,ATM C,Yogyakarta
230,ATM E,Surabaya
231,ATM A,Medan
232,ATM D,Surabaya
233,ATM D,Surabaya
234,ATM D,Surabaya
235,ATM C,Surabaya
236,ATM C,Jakarta
237,ATM B,Medan
238,ATM A,Bandung
239,ATM B,Yogyakarta
240,ATM B,Yogyakarta
241,ATM B,Yogyakarta
242,ATM B,Surabaya
243,ATM D,Bandung
244,ATM D,Yogyakarta
245,ATM E,Medan
246,ATM C,Bandung
247,ATM E,Surabaya
248,ATM E,Bandung
249,ATM A,Bandung
250,ATM E,Surabaya
251,ATM B,Yogyakarta
252,ATM D,Bandung
253,ATM E,Medan
254,ATM D,Medan
255,ATM D,Jakarta
256,ATM D,Medan
257,ATM B,Bandung
258,ATM D,Bandung
259,ATM A,Surabaya
260,ATM C,Medan
261,ATM C,Bandung
262,ATM D,Surabaya
263,ATM E,Bandung
264,ATM A,Bandung
265,ATM E,Medan
266,ATM D,Yogyakarta
267,ATM D,Bandung
268,ATM B,Yogyakarta
269,ATM E,Surabaya
270,ATM A,Jakarta
271,ATM C,Jakarta
272,ATM E,Yogyakarta
273,ATM B,Yogyakarta
274,ATM A,Yogyakarta
275,ATM A,Medan
276,ATM D,Jakarta
277,ATM C,Jakarta
278,ATM A,Yogyakarta
279,ATM B,Yogyakarta
280,ATM C,Yogyakarta
281,ATM A,Jakarta
282,ATM C,Bandung
283,ATM B,Bandung
284,ATM B,Bandung
285,ATM D,Medan
286,ATM B,Medan
287,ATM D,Medan
288,ATM E,Medan
289,ATM D,Bandung
290,ATM B,Surabaya
291,ATM E,Medan
292,ATM B,Surabaya
293,ATM A,Medan
294,ATM C,Surabaya
295,ATM C,Surabaya
296,ATM D,Surabaya
297,ATM B,Medan
298,ATM D,Surabaya
299,ATM C,Bandung
300,ATM D,Surabaya
301,ATM B,Surabaya
302,ATM B,Surabaya
303,ATM E,Yogyakarta
304,ATM A,Bandung
305,ATM C,Surabaya
306,ATM C,Jakarta
307,ATM C,Surabaya
308,ATM D,Jakarta
309,ATM E,Medan
310,ATM D,Surabaya
311,ATM B,Yogyakarta
312,ATM A,Surabaya
313,ATM E,Medan
314,ATM A,Medan
315,ATM C,Bandung
316,ATM E,Medan
317,ATM E,Surabaya
318,ATM C,Bandung
319,ATM A,Yogyakarta
320,ATM D,Surabaya
321,ATM B,Medan
322,ATM E,Surabaya
323,ATM A,Surabaya
324,ATM A,Medan
325,ATM E,Surabaya
326,ATM D,Yogyakarta
327,ATM D,Bandung
328,ATM D,Bandung
329,ATM A,Medan
330,ATM B,Jakarta
331,ATM D,Yogyakarta
332,ATM E,Medan
333,ATM E,Jakarta
334,ATM C,Surabaya
335,ATM B,Surabaya
336,ATM E,Jakarta
337,ATM D,Surabaya
338,ATM C,Medan
339,ATM E,Medan
340,ATM B,Surabaya
341,ATM A,Surabaya
342,ATM B,Surabaya
343,ATM A,Yogyakarta
344,ATM C,Bandung
345,ATM E,Medan
346,ATM D,Medan
347,ATM A,Bandung
348,ATM D,Medan
349,ATM D,Bandung
350,ATM D,Medan
351,ATM A,Yogyakarta
352,ATM C,Surabaya
353,ATM B,Surabaya
354,ATM A,Bandung
355,ATM B,Bandung
356,ATM C,Medan
357,ATM C,Medan
358,ATM D,Surabaya
359,ATM E,Jakarta
360,ATM D,Yogyakarta
361,ATM E,Bandung
362,ATM C,Yogyakarta
363,ATM C,Medan
364,ATM A,Bandung
365,ATM C,Surabaya
366,ATM E,Surabaya
367,ATM B,Surabaya
368,ATM D,Jakarta
369,ATM E,Jakarta
370,ATM A,Surabaya
371,ATM C,Yogyakarta
372,ATM A,Jakarta
373,ATM D,Bandung
374,ATM D,Yogyakarta
375,ATM B,Yogyakarta
376,ATM B,Bandung
377,ATM D,Medan
378,ATM E,Medan
379,ATM D,Bandung
380,ATM C,Bandung
381,ATM C,Bandung
382,ATM E,Surabaya
383,ATM B,Surabaya
384,ATM B,Surabaya
385,ATM E,Surabaya
386,ATM E,Medan
387,ATM B,Jakarta
388,ATM C,Bandung
389,ATM B,Surabaya
390,ATM C,Yogyakarta
391,ATM B,Medan
392,ATM D,Medan
393,ATM A,Bandung
394,ATM C,Surabaya
395,ATM C,Medan
396,ATM E,Yogyakarta
397,ATM E,Jakarta
398,ATM A,Yogyakarta
399,ATM B,Yogyakarta
400,ATM D,Surabaya
401,ATM A,Medan
402,ATM C,Jakarta
403,ATM B,Surabaya
404,ATM D,Surabaya
405,ATM E,Medan
406,ATM C,Jakarta
407,ATM A,Medan
408,ATM C,Yogyakarta
409,ATM B,Yogyakarta
410,ATM B,Jakarta
411,ATM B,Surabaya
412,ATM B,Surabaya
413,ATM B,Medan
414,ATM A,Surabaya
415,ATM B,Yogyakarta
416,ATM C,Medan
417,ATM D,Surabaya
418,ATM E,Surabaya
419,ATM E,Yogyakarta
420,ATM B,Surabaya
421,ATM C,Yogyakarta
422,ATM C,Bandung
423,ATM A,Jakarta
424,ATM B,Jakarta
425,ATM C,Surabaya
426,ATM A,Medan
427,ATM A,Yogyakarta
428,ATM E,Yogyakarta
429,ATM E,Surabaya
430,ATM A,Bandung
431,ATM B,Bandung
432,ATM B,Jakarta
433,ATM B,Medan
434,ATM E,Medan
435,ATM B,Yogyakarta
436,ATM B,Yogyakarta
437,ATM B,Medan
438,ATM C,Medan
439,ATM B,Bandung
440,ATM C,Jakarta
441,ATM B,Medan
442,ATM A,Bandung
443,ATM C,Jakarta
444,ATM C,Jakarta
445,ATM E,Jakarta
446,ATM D,Bandung
447,ATM A,Medan
448,ATM B,Surabaya
449,ATM D,Bandung
450,ATM E,Surabaya
451,ATM B,Surabaya
452,ATM B,Bandung
453,ATM B,Medan
454,ATM C,Yogyakarta
455,ATM D,Yogyakarta
456,ATM D,Yogyakarta
457,ATM A,Bandung
458,ATM B,Jakarta
459,ATM A,Medan
460,ATM E,Jakarta
461,ATM D,Yogyakarta
462,ATM D,Bandung
463,ATM A,Medan
464,ATM D,Jakarta
465,ATM D,Medan
466,ATM B,Medan
467,ATM D,Surabaya
468,ATM D,Yogyakarta
469,ATM A,Jakarta
470,ATM D,Yogyakarta
471,ATM C,Yogyakarta
472,ATM D,Medan
473,ATM B,Medan
474,ATM B,Surabaya
475,ATM B,Bandung
476,ATM C,Medan
477,ATM B,Jakarta
478,ATM A,Surabaya
479,ATM E,Medan
480,ATM B,Medan
481,ATM E,Bandung
482,ATM C,Medan
483,ATM C,Jakarta
484,ATM E,Bandung
485,ATM E,Surabaya
486,ATM A,Medan
487,ATM A,Yogyakarta
488,ATM B,Surabaya
489,ATM B,Jakarta
490,ATM D,Jakarta
491,ATM A,Jakarta
492,ATM D,Yogyakarta
493,ATM D,Yogyakarta
494,ATM D,Medan
495,ATM E,Bandung
496,ATM E,Medan
497,ATM C,Jakarta
498,ATM D,Yogyakarta
499,ATM A,Yogyakarta
500,ATM D,Medan
501,ATM B,Surabaya
502,ATM A,Jakarta
503,ATM C,Medan
504,ATM A,Surabaya
505,ATM E,Jakarta
506,ATM A,Medan
507,ATM C,Medan
508,ATM C,Bandung
509,ATM D,Surabaya
510,ATM A,Medan
511,ATM E,Jakarta
512,ATM E,Medan
513,ATM B,Jakarta
514,ATM D,Surabaya
515,ATM B,Bandung
516,ATM E,Yogyakarta
517,ATM A,Medan
518,ATM C,Bandung
519,ATM E,Yogyakarta
520,ATM B,Surabaya
521,ATM A,Yogyakarta
522,ATM A,Jakarta
523,ATM C,Medan
524,ATM A,Jakarta
525,ATM C,Medan
526,ATM D,Yogyakarta
527,ATM D,Yogyakarta
528,ATM B,Bandung
529,ATM A,Jakarta
530,ATM D,Surabaya
531,ATM B,Surabaya
532,ATM E,Bandung
533,ATM C,Surabaya
534,ATM A,Jakarta
535,ATM E,Jakarta
536,ATM A,Yogyakarta
537,ATM C,Surabaya
538,ATM C,Medan
539,ATM B,Medan
540,ATM E,Medan
541,ATM E,Surabaya
542,ATM D,Jakarta
543,ATM E,Surabaya
544,ATM A,Bandung
545,ATM C,Medan
546,ATM C,Jakarta
547,ATM C,Jakarta
548,ATM B,Medan
549,ATM C,Bandung
550,ATM A,Bandung
551,ATM B,Surabaya
552,ATM B,Bandung
553,ATM D,Surabaya
554,ATM E,Bandung
555,ATM D,Jakarta
556,ATM E,Surabaya
557,ATM B,Jakarta
558,ATM C,Bandung
559,ATM D,Medan
560,ATM E,Surabaya
561,ATM D,Jakarta
562,ATM B,Jakarta
563,ATM A,Bandung
564,ATM E,Medan
565,ATM C,Medan
566,ATM A,Medan
567,ATM A,Surabaya
568,ATM D,Bandung
569,ATM D,Medan
570,ATM E,Yogyakarta
571,ATM E,Surabaya
572,ATM E,Jakarta
573,ATM C,Yogyakarta
574,ATM E,Surabaya
575,ATM C,Jakarta
576,ATM E,Jakarta
577,ATM C,Medan
578,ATM B,Bandung
579,ATM A,Bandung
580,ATM A,Bandung
581,ATM A,Yogyakarta
582,ATM A,Bandung
583,ATM E,Yogyakarta
584,ATM C,Yogyakarta
585,ATM D,Yogyakarta
586,ATM E,Surabaya
587,ATM A,Bandung
588,ATM B,Jakarta
589,ATM A,Medan
590,ATM B,Yogyakarta
591,ATM A,Surabaya
592,ATM A,Yogyakarta
593,ATM E,Bandung
594,ATM A,Bandung
595,ATM A,Yogyakarta
596,ATM C,Bandung
597,ATM C,Jakarta
598,ATM D,Jakarta
599,ATM E,Yogyakarta
600,ATM B,Yogyakarta
601,ATM E,Surabaya
602,ATM D,Yogyakarta
603,ATM E,Medan
604,ATM D,Surabaya
605,ATM E,Yogyakarta
606,ATM E,Medan
607,ATM C,Bandung
608,ATM C,Bandung
609,ATM C,Surabaya
610,ATM D,Medan
611,ATM D,Yogyakarta
612,ATM E,Surabaya
613,ATM A,Bandung
614,ATM B,Yogyakarta
615,ATM B,Yogyakarta
616,ATM D,Yogyakarta
617,ATM D,Bandung
618,ATM D,Yogyakarta
619,ATM B,Yogyakarta
620,ATM A,Bandung
621,ATM C,Yogyakarta
622,ATM C,Surabaya
623,ATM A,Jakarta
624,ATM D,Bandung
625,ATM D,Medan
626,ATM A,Yogyakarta
627,ATM A,Jakarta
628,ATM C,Jakarta
629,ATM A,Jakarta
630,ATM C,Yogyakarta
631,ATM A,Surabaya
632,ATM B,Medan
633,ATM E,Surabaya
634,ATM A,Surabaya
635,ATM D,Jakarta
636,ATM A,Yogyakarta
637,ATM A,Bandung
638,ATM A,Bandung
639,ATM C,Yogyakarta
640,ATM D,Surabaya
641,ATM B,Medan
642,ATM C,Bandung
643,ATM E,Surabaya
644,ATM A,Surabaya
645,ATM E,Jakarta
646,ATM D,Jakarta
647,ATM C,Bandung
648,ATM C,Medan
649,ATM E,Jakarta
650,ATM A,Medan
651,ATM D,Bandung
652,ATM A,Medan
653,ATM D,Jakarta
654,ATM B,Bandung
655,ATM A,Bandung
656,ATM A,Medan
657,ATM B,Bandung
658,ATM C,Medan
659,ATM A,Bandung
660,ATM C,Surabaya
661,ATM B,Surabaya
662,ATM B,Bandung
663,ATM C,Yogyakarta
664,ATM C,Bandung
665,ATM A,Surabaya
666,ATM D,Medan
667,ATM B,Yogyakarta
668,ATM C,Surabaya
669,ATM E,Jakarta
670,ATM C,Surabaya
671,ATM E,Bandung
672,ATM E,Yogyakarta
673,ATM C,Jakarta
674,ATM B,Bandung
675,ATM A,Bandung
676,ATM D,Surabaya
677,ATM B,Surabaya
678,ATM C,Yogyakarta
679,ATM E,Yogyakarta
680,ATM B,Jakarta
681,ATM E,Jakarta
682,ATM E,Bandung
683,ATM E,Bandung
684,ATM E,Medan
685,ATM C,Yogyakarta
686,ATM C,Bandung
687,ATM D,Yogyakarta
688,ATM E,Bandung
689,ATM A,Jakarta
690,ATM D,Jakarta
691,ATM A,Jakarta
692,ATM D,Medan
693,ATM A,Medan
694,ATM E,Bandung
695,ATM A,Jakarta
696,ATM B,Bandung
697,ATM D,Surabaya
698,ATM A,Yogyakarta
699,ATM B,Surabaya
700,ATM B,Medan
701,ATM E,Jakarta
702,ATM B,Jakarta
703,ATM D,Jakarta
704,ATM D,Bandung
705,ATM C,Yogyakarta
706,ATM C,Jakarta
707,ATM A,Jakarta
708,ATM D,Bandung
709,ATM A,Bandung
710,ATM A,Surabaya
711,ATM A,Bandung
712,ATM D,Yogyakarta
713,ATM E,Jakarta
714,ATM A,Bandung
715,ATM E,Surabaya
716,ATM A,Medan
717,ATM C,Medan
718,ATM A,Medan
719,ATM B,Medan
720,ATM D,Medan
721,ATM A,Medan
722,ATM B,Yogyakarta
723,ATM E,Yogyakarta
724,ATM E,Medan
725,ATM C,Yogyakarta
726,ATM B,Yogyakarta
727,ATM E,Medan
728,ATM B,Surabaya
729,ATM E,Surabaya
730,ATM A,Jakarta
731,ATM C,Bandung
732,ATM E,Surabaya
733,ATM B,Yogyakarta
734,ATM D,Jakarta
735,ATM B,Bandung
736,ATM E,Jakarta
737,ATM D,Jakarta
738,ATM C,Jakarta
739,ATM E,Surabaya
740,ATM A,Yogyakarta
741,ATM C,Medan
742,ATM A,Yogyakarta
743,ATM D,Medan
744,ATM D,Yogyakarta
745,ATM B,Surabaya
746,ATM D,Bandung
747,ATM B,Bandung
748,ATM E,Yogyakarta
749,ATM D,Bandung
750,ATM E,Surabaya
751,ATM D,Yogyakarta
752,ATM B,Jakarta
753,ATM B,Yogyakarta
754,ATM C,Jakarta
755,ATM B,Bandung
756,ATM A,Yogyakarta
757,ATM C,Bandung
758,ATM D,Jakarta
759,ATM D,Jakarta
760,ATM E,Medan
761,ATM B,Surabaya
762,ATM A,Surabaya
763,ATM D,Bandung
764,ATM C,Bandung
765,ATM A,Surabaya
766,ATM E,Bandung
767,ATM E,Jakarta
768,ATM A,Medan
769,ATM D,Jakarta
770,ATM E,Bandung
771,ATM E,Medan
772,ATM A,Yogyakarta
773,ATM C,Bandung
774,ATM B,Bandung
775,ATM B,Medan
776,ATM A,Bandung
777,ATM A,Jakarta
778,ATM B,Bandung
779,ATM C,Bandung
780,ATM D,Medan
781,ATM D,Jakarta
782,ATM B,Medan
783,ATM E,Surabaya
784,ATM C,Surabaya
785,ATM D,Jakarta
786,ATM C,Jakarta
787,ATM C,Jakarta
788,ATM A,Medan
789,ATM A,Medan
790,ATM E,Jakarta
791,ATM A,Jakarta
792,ATM D,Yogyakarta
793,ATM A,Surabaya
794,ATM C,Surabaya
795,ATM B,Bandung
796,ATM B,Bandung
797,ATM E,Jakarta
798,ATM B,Medan
799,ATM B,Medan
800,ATM C,Yogyakarta
801,ATM A,Bandung
802,ATM A,Jakarta
803,ATM C,Bandung
804,ATM B,Bandung
805,ATM A,Yogyakarta
806,ATM C,Yogyakarta
807,ATM E,Jakarta
808,ATM C,Jakarta
809,ATM D,Surabaya
810,ATM B,Yogyakarta
811,ATM C,Yogyakarta
812,ATM B,Yogyakarta
813,ATM A,Surabaya
814,ATM A,Surabaya
815,ATM D,Surabaya
816,ATM B,Jakarta
817,ATM C,Medan
818,ATM B,Surabaya
819,ATM E,Jakarta
820,ATM E,Surabaya
821,ATM C,Medan
822,ATM C,Surabaya
823,ATM B,Medan
824,ATM A,Medan
825,ATM C,Jakarta
826,ATM E,Bandung
827,ATM A,Medan
828,ATM B,Surabaya
829,ATM C,Surabaya
830,ATM E,Surabaya
831,ATM A,Bandung
832,ATM A,Jakarta
833,ATM D,Yogyakarta
834,ATM B,Bandung
835,ATM C,Medan
836,ATM A,Jakarta
837,ATM A,Jakarta
838,ATM B,Medan
839,ATM D,Yogyakarta
840,ATM C,Yogyakarta
841,ATM C,Yogyakarta
842,ATM A,Jakarta
843,ATM C,Bandung
844,ATM A,Surabaya
845,ATM D,Surabaya
846,ATM A,Yogyakarta
847,ATM D,Jakarta
848,ATM D,Surabaya
849,ATM C,Yogyakarta
850,ATM A,Jakarta
851,ATM B,Surabaya
852,ATM A,Bandung
853,ATM E,Jakarta
854,ATM A,Medan
855,ATM C,Medan
856,ATM A,Yogyakarta
857,ATM D,Yogyakarta
858,ATM B,Yogyakarta
859,ATM B,Yogyakarta
860,ATM B,Surabaya
861,ATM B,Jakarta
862,ATM E,Medan
863,ATM A,Yogyakarta
864,ATM B,Yogyakarta
865,ATM E,Yogyakarta
866,ATM A,Surabaya
867,ATM A,Jakarta
868,ATM A,Jakarta
869,ATM A,Jakarta
870,ATM B,Jakarta
871,ATM B,Jakarta
872,ATM D,Yogyakarta
873,ATM E,Yogyakarta
874,ATM B,Yogyakarta
875,ATM E,Medan
876,ATM D,Medan
877,ATM C,Surabaya
878,ATM A,Medan
879,ATM E,Jakarta
880,ATM A,Yogyakarta
881,ATM A,Surabaya
882,ATM E,Yogyakarta
883,ATM D,Medan
884,ATM B,Medan
885,ATM E,Surabaya
886,ATM E,Jakarta
887,ATM C,Surabaya
888,ATM C,Medan
889,ATM D,Medan
890,ATM E,Yogyakarta
891,ATM A,Medan
892,ATM B,Medan
893,ATM D,Medan
894,ATM A,Yogyakarta
895,ATM A,Jakarta
896,ATM A,Medan
897,ATM B,Bandung
898,ATM E,Medan
899,ATM D,Bandung
900,ATM D,Surabaya
901,ATM C,Medan
902,ATM D,Bandung
903,ATM E,Jakarta
904,ATM C,Medan
905,ATM D,Jakarta
906,ATM A,Yogyakarta
907,ATM D,Bandung
908,ATM A,Jakarta
909,ATM B,Medan
910,ATM B,Bandung
911,ATM B,Bandung
912,ATM A,Surabaya
913,ATM B,Bandung
914,ATM E,Jakarta
915,ATM D,Bandung
916,ATM E,Medan
917,ATM B,Medan
918,ATM B,Bandung
919,ATM A,Medan
920,ATM E,Yogyakarta
921,ATM C,Surabaya
922,ATM A,Surabaya
923,ATM D,Jakarta
924,ATM C,Medan
925,ATM D,Surabaya
926,ATM B,Jakarta
927,ATM B,Yogyakarta
928,ATM E,Yogyakarta
929,ATM B,Jakarta
930,ATM D,Surabaya
931,ATM D,Medan
932,ATM A,Bandung
933,ATM C,Medan
934,ATM E,Yogyakarta
935,ATM A,Bandung
936,ATM D,Surabaya
937,ATM A,Bandung
938,ATM A,Jakarta
939,ATM E,Yogyakarta
940,ATM C,Yogyakarta
941,ATM C,Jakarta
942,ATM E,Medan
943,ATM C,Yogyakarta
944,ATM C,Bandung
945,ATM D,Surabaya
946,ATM A,Surabaya
947,ATM A,Jakarta
948,ATM D,Bandung
949,ATM A,Jakarta
950,ATM A,Medan
951,ATM B,Yogyakarta
952,ATM B,Bandung
953,ATM E,Yogyakarta
954,ATM E,Bandung
955,ATM C,Surabaya
956,ATM A,Medan
957,ATM B,Surabaya
958,ATM D,Yogyakarta
959,ATM C,Jakarta
960,ATM D,Yogyakarta
961,ATM B,Bandung
962,ATM B,Medan
963,ATM D,Surabaya
964,ATM E,Surabaya
965,ATM D,Bandung
966,ATM C,Surabaya
967,ATM B,Bandung
968,ATM A,Surabaya
969,ATM D,Surabaya
970,ATM A,Surabaya
971,ATM D,Yogyakarta
972,ATM D,Bandung
973,ATM A,Bandung
974,ATM D,Bandung
975,ATM D,Bandung
976,ATM D,Yogyakarta
977,ATM E,Jakarta
978,ATM D,Medan
979,ATM C,Surabaya
980,ATM A,Jakarta
981,ATM E,Bandung
982,ATM E,Bandung
983,ATM E,Bandung
984,ATM C,Medan
985,ATM E,Medan
986,ATM E,Medan
987,ATM D,Surabaya
988,ATM C,Yogyakarta
989,ATM E,Yogyakarta
990,ATM C,Jakarta
991,ATM B,Bandung
992,ATM A,Medan
993,ATM E,Surabaya
994,ATM E,Yogyakarta
995,ATM C,Surabaya
996,ATM D,Surabaya
997,ATM D,Medan
998,ATM B,Medan
999,ATM D,Medan
1000,ATM B,Bandung
1001,ATM E,Bandung
1002,ATM D,Yogyakarta
1003,ATM A,Surabaya
1004,ATM D,Surabaya
1005,ATM D,Yogyakarta
1006,ATM A,Yogyakarta
1007,ATM A,Bandung
1008,ATM B,Jakarta
1009,ATM B,Bandung
1010,ATM E,Medan
1011,ATM C,Yogyakarta
1012,ATM E,Bandung
1013,ATM E,Surabaya
1014,ATM A,Medan
1015,ATM B,Bandung
1016,ATM C,Medan
1017,ATM C,Yogyakarta
1018,ATM E,Jakarta
1019,ATM D,Bandung
1020,ATM D,Medan
1021,ATM C,Jakarta
1022,ATM E,Medan
1023,ATM C,Jakarta
1024,ATM D,Surabaya
1025,ATM E,Surabaya
1026,ATM C,Medan
1027,ATM C,Bandung
1028,ATM C,Surabaya
1029,ATM D,Jakarta
1030,ATM E,Medan
1031,ATM E,Surabaya
1032,ATM C,Medan
1033,ATM D,Surabaya
1034,ATM B,Yogyakarta
1035,ATM B,Yogyakarta
1036,ATM A,Jakarta
1037,ATM D,Medan
1038,ATM B,Surabaya
1039,ATM E,Bandung
1040,ATM E,Medan
1041,ATM B,Yogyakarta
1042,ATM B,Yogyakarta
1043,ATM A,Yogyakarta
1044,ATM E,Yogyakarta
1045,ATM C,Yogyakarta
1046,ATM A,Surabaya
1047,ATM E,Yogyakarta
1048,ATM E,Bandung
1049,ATM C,Jakarta
1050,ATM E,Surabaya
1051,ATM E,Surabaya
1052,ATM A,Jakarta
1053,ATM D,Yogyakarta
1054,ATM A,Surabaya
1055,ATM A,Bandung
1056,ATM E,Surabaya
1057,ATM E,Bandung
1058,ATM C,Jakarta
1059,ATM B,Yogyakarta
1060,ATM A,Yogyakarta
1061,ATM B,Surabaya
1062,ATM B,Bandung
1063,ATM D,Medan
1064,ATM A,Medan
1065,ATM E,Yogyakarta
1066,ATM A,Bandung
1067,ATM E,Jakarta
1068,ATM C,Bandung
1069,ATM D,Jakarta
1070,ATM E,Surabaya
1071,ATM A,Surabaya
1072,ATM E,Jakarta
1073,ATM D,Surabaya
1074,ATM A,Medan
1075,ATM A,Jakarta
1076,ATM D,Jakarta
1077,ATM D,Medan
1078,ATM E,Surabaya
1079,ATM B,Bandung
1080,ATM A,Medan
1081,ATM B,Yogyakarta
1082,ATM B,Medan
1083,ATM A,Jakarta
1084,ATM D,Jakarta
1085,ATM B,Medan
1086,ATM D,Jakarta
1087,ATM A,Yogyakarta
1088,ATM B,Jakarta
1089,ATM E,Jakarta
1090,ATM D,Medan
1091,ATM E,Surabaya
1092,ATM D,Jakarta
1093,ATM B,Jakarta
1094,ATM B,Surabaya
1095,ATM A,Medan
1096,ATM E,Bandung
1097,ATM D,Bandung
1098,ATM A,Bandung
1099,ATM A,Yogyakarta
1100,ATM D,Medan
1101,ATM E,Yogyakarta
1102,ATM E,Bandung
1103,ATM D,Jakarta
1104,ATM E,Yogyakarta
1105,ATM E,Jakarta
1106,ATM A,Yogyakarta
1107,ATM E,Surabaya
1108,ATM E,Bandung
1109,ATM E,Medan
1110,ATM C,Bandung
1111,ATM D,Surabaya
1112,ATM B,Medan
1113,ATM E,Bandung
1114,ATM E,Jakarta
1115,ATM E,Medan
1116,ATM B,Bandung
1117,ATM B,Bandung
1118,ATM B,Yogyakarta
1119,ATM E,Jakarta
1120,ATM D,Jakarta
1121,ATM A,Surabaya
1122,ATM E,Yogyakarta
1123,ATM B,Yogyakarta
1124,ATM A,Yogyakarta
1125,ATM C,Bandung
1126,ATM D,Bandung
1127,ATM C,Bandung
1128,ATM A,Surabaya
1129,ATM C,Bandung
1130,ATM A,Jakarta
1131,ATM D,Jakarta
1132,ATM D,Bandung
1133,ATM C,Jakarta
1134,ATM C,Jakarta
1135,ATM E,Surabaya
1136,ATM A,Bandung
1137,ATM C,Surabaya
1138,ATM D,Yogyakarta
1139,ATM A,Jakarta
1140,ATM E,Surabaya
1141,ATM D,Jakarta
1142,ATM E,Medan
1143,ATM B,Bandung
1144,ATM D,Surabaya
1145,ATM E,Jakarta
1146,ATM C,Yogyakarta
1147,ATM C,Surabaya
1148,ATM A,Yogyakarta
1149,ATM B,Yogyakarta
1150,ATM A,Bandung
1151,ATM C,Medan
1152,ATM C,Surabaya
1153,ATM D,Surabaya
1154,ATM A,Yogyakarta
1155,ATM C,Yogyakarta
1156,ATM B,Surabaya
1157,ATM A,Medan
1158,ATM A,Surabaya
1159,ATM C,Jakarta
1160,ATM D,Yogyakarta
1161,ATM A,Bandung
1162,ATM A,Yogyakarta
1163,ATM B,Medan
1164,ATM E,Yogyakarta
1165,ATM D,Surabaya
1166,ATM B,Yogyakarta
1167,ATM E,Surabaya
1168,ATM B,Surabaya
1169,ATM B,Bandung
1170,ATM B,Medan
1171,ATM E,Surabaya
1172,ATM E,Yogyakarta
1173,ATM B,Medan
1174,ATM A,Medan
1175,ATM A,Surabaya
1176,ATM D,Bandung
1177,ATM A,Jakarta
1178,ATM B,Bandung
1179,ATM E,Jakarta
1180,ATM A,Medan
1181,ATM E,Bandung
1182,ATM C,Surabaya
1183,ATM A,Yogyakarta
1184,ATM A,Yogyakarta
1185,ATM D,Medan
1186,ATM E,Yogyakarta
1187,ATM A,Medan
1188,ATM B,Yogyakarta
1189,ATM B,Bandung
1190,ATM E,Medan
1191,ATM D,Medan
1192,ATM E,Jakarta
1193,ATM D,Jakarta
1194,ATM D,Bandung
1195,ATM E,Medan
1196,ATM A,Surabaya
1197,ATM D,Yogyakarta
1198,ATM D,Medan
1199,ATM E,Bandung
1200,ATM A,Bandung
1201,ATM B,Bandung
1202,ATM E,Yogyakarta
1203,ATM A,Jakarta
1204,ATM E,Yogyakarta
1205,ATM E,Yogyakarta
1206,ATM B,Jakarta
1207,ATM D,Bandung
1208,ATM C,Jakarta
1209,ATM B,Yogyakarta
1210,ATM D,Jakarta
1211,ATM B,Yogyakarta
1212,ATM A,Yogyakarta
1213,ATM D,Surabaya
1214,ATM D,Medan
1215,ATM D,Medan
1216,ATM A,Medan
1217,ATM E,Bandung
1218,ATM A,Medan
1219,ATM D,Medan
1220,ATM B,Yogyakarta
1221,ATM A,Yogyakarta
1222,ATM B,Surabaya
1223,ATM C,Medan
1224,ATM E,Medan
1225,ATM D,Jakarta
1226,ATM E,Medan
1227,ATM A,Jakarta
1228,ATM A,Bandung
1229,ATM C,Surabaya
1230,ATM C,Yogyakarta
1231,ATM B,Surabaya
1232,ATM B,Bandung
1233,ATM E,Jakarta
1234,ATM D,Jakarta
1235,ATM B,Jakarta
1236,ATM A,Yogyakarta
1237,ATM E,Jakarta
1238,ATM D,Surabaya
1239,ATM E,Jakarta
1240,ATM D,Medan
1241,ATM E,Medan
1242,ATM E,Bandung
1243,ATM A,Jakarta
1244,ATM C,Bandung
1245,ATM D,Jakarta
1246,ATM D,Jakarta
1247,ATM E,Bandung
1248,ATM D,Jakarta
1249,ATM B,Medan
1250,ATM E,Surabaya
1251,ATM E,Jakarta
1252,ATM B,Medan
1253,ATM E,Surabaya
1254,ATM C,Surabaya
1255,ATM D,Jakarta
1256,ATM A,Medan
1257,ATM D,Jakarta
1258,ATM D,Bandung
1259,ATM B,Surabaya
1260,ATM D,Surabaya
1261,ATM A,Bandung
1262,ATM C,Yogyakarta
1263,ATM B,Yogyakarta
1264,ATM D,Medan
1265,ATM E,Yogyakarta
1266,ATM D,Yogyakarta
1267,ATM D,Yogyakarta
1268,ATM C,Medan
1269,ATM C,Bandung
1270,ATM D,Surabaya
1271,ATM E,Surabaya
1272,ATM E,Yogyakarta
1273,ATM C,Medan
1274,ATM D,Medan
1275,ATM A,Bandung
1276,ATM A,Surabaya
1277,ATM D,Medan
1278,ATM D,Surabaya
1279,ATM E,Jakarta
1280,ATM C,Bandung
1281,ATM C,Medan
1282,ATM B,Surabaya
1283,ATM E,Yogyakarta
1284,ATM B,Medan
1285,ATM A,Yogyakarta
1286,ATM E,Yogyakarta
1287,ATM C,Surabaya
1288,ATM E,Jakarta
1289,ATM D,Yogyakarta
1290,ATM A,Medan
1291,ATM B,Medan
1292,ATM E,Surabaya
1293,ATM A,Medan
1294,ATM B,Bandung
1295,ATM B,Bandung
1296,ATM A,Bandung
1297,ATM C,Jakarta
1298,ATM D,Bandung
1299,ATM C,Bandung
1300,ATM E,Jakarta
1301,ATM A,Jakarta
1302,ATM D,Surabaya
1303,ATM E,Bandung
1304,ATM A,Bandung
1305,ATM B,Surabaya
1306,ATM A,Yogyakarta
1307,ATM E,Jakarta
1308,ATM A,Bandung
1309,ATM A,Jakarta
1310,ATM C,Surabaya
1311,ATM E,Surabaya
1312,ATM A,Jakarta
1313,ATM D,Yogyakarta
1314,ATM A,Surabaya
1315,ATM B,Surabaya
1316,ATM C,Yogyakarta
1317,ATM E,Yogyakarta
1318,ATM E,Yogyakarta
1319,ATM B,Medan
1320,ATM D,Jakarta
1321,ATM E,Surabaya
1322,ATM C,Surabaya
1323,ATM D,Jakarta
1324,ATM B,Surabaya
1325,ATM A,Yogyakarta
1326,ATM A,Yogyakarta
1327,ATM A,Jakarta
1328,ATM B,Medan
1329,ATM D,Yogyakarta
1330,ATM E,Medan
1331,ATM C,Surabaya
1332,ATM C,Yogyakarta
1333,ATM B,Yogyakarta
1334,ATM D,Bandung
1335,ATM A,Surabaya
1336,ATM A,Bandung
1337,ATM E,Jakarta
1338,ATM A,Surabaya
1339,ATM C,Medan
1340,ATM D,Surabaya
1341,ATM B,Jakarta
1342,ATM D,Jakarta
1343,ATM D,Surabaya
1344,ATM C,Surabaya
1345,ATM E,Yogyakarta
1346,ATM D,Surabaya
1347,ATM A,Medan
1348,ATM A,Medan
1349,ATM E,Jakarta
1350,ATM B,Medan
1351,ATM A,Surabaya
1352,ATM D,Surabaya
1353,ATM E,Medan
1354,ATM C,Yogyakarta
1355,ATM C,Surabaya
1356,ATM D,Jakarta
1357,ATM D,Yogyakarta
1358,ATM A,Yogyakarta
1359,ATM B,Jakarta
1360,ATM B,Surabaya
1361,ATM C,Medan
1362,ATM A,Yogyakarta
1363,ATM B,Surabaya
1364,ATM A,Medan
1365,ATM C,Medan
1366,ATM B,Bandung
1367,ATM C,Jakarta
1368,ATM D,Jakarta
1369,ATM D,Yogyakarta
1370,ATM C,Jakarta
1371,ATM C,Jakarta
1372,ATM B,Yogyakarta
1373,ATM B,Bandung
1374,ATM C,Surabaya
1375,ATM C,Medan
1376,ATM D,Medan
1377,ATM D,Jakarta
1378,ATM A,Yogyakarta
1379,ATM C,Jakarta
1380,ATM D,Medan
1381,ATM D,Yogyakarta
1382,ATM B,Yogyakarta
1383,ATM B,Jakarta
1384,ATM A,Medan
1385,ATM D,Yogyakarta
1386,ATM B,Surabaya
1387,ATM B,Surabaya
1388,ATM C,Yogyakarta
1389,ATM E,Yogyakarta
1390,ATM B,Yogyakarta
1391,ATM A,Jakarta
1392,ATM D,Surabaya
1393,ATM C,Bandung
1394,ATM A,Jakarta
1395,ATM E,Surabaya
1396,ATM A,Bandung
1397,ATM D,Surabaya
1398,ATM C,Surabaya
1399,ATM D,Yogyakarta
1400,ATM A,Surabaya
1401,ATM C,Yogyakarta
1402,ATM D,Yogyakarta
1403,ATM D,Surabaya
1404,ATM B,Bandung
1405,ATM D,Surabaya
1406,ATM A,Jakarta
1407,ATM D,Medan
1408,ATM B,Jakarta
1409,ATM D,Medan
1410,ATM E,Yogyakarta
1411,ATM E,Bandung
1412,ATM B,Yogyakarta
1413,ATM D,Medan
1414,ATM B,Bandung
1415,ATM E,Surabaya
1416,ATM B,Bandung
1417,ATM A,Surabaya
1418,ATM B,Yogyakarta
1419,ATM D,Medan
1420,ATM C,Bandung
1421,ATM D,Bandung
1422,ATM D,Jakarta
1423,ATM D,Jakarta
1424,ATM C,Surabaya
1425,ATM C,Medan
1426,ATM C,Jakarta
1427,ATM B,Surabaya
1428,ATM B,Bandung
1429,ATM A,Yogyakarta
1430,ATM C,Jakarta
1431,ATM B,Jakarta
1432,ATM C,Bandung
1433,ATM A,Surabaya
1434,ATM D,Yogyakarta
1435,ATM C,Bandung
1436,ATM B,Yogyakarta
1437,ATM A,Jakarta
1438,ATM B,Bandung
1439,ATM C,Jakarta
1440,ATM B,Jakarta
1441,ATM D,Bandung
1442,ATM A,Surabaya
1443,ATM A,Yogyakarta
1444,ATM B,Yogyakarta
1445,ATM E,Jakarta
1446,ATM E,Surabaya
1447,ATM D,Jakarta
1448,ATM A,Jakarta
1449,ATM A,Medan
1450,ATM B,Medan
1451,ATM C,Medan
1452,ATM A,Medan
1453,ATM E,Yogyakarta
1454,ATM C,Surabaya
1455,ATM A,Surabaya
1456,ATM C,Jakarta
1457,ATM A,Yogyakarta
1458,ATM D,Jakarta
1459,ATM E,Yogyakarta
1460,ATM E,Medan
1461,ATM E,Surabaya
1462,ATM B,Yogyakarta
1463,ATM B,Jakarta
1464,ATM E,Medan
1465,ATM A,Jakarta
1466,ATM B,Bandung
1467,ATM B,Surabaya
1468,ATM E,Yogyakarta
1469,ATM B,Surabaya
1470,ATM A,Bandung
1471,ATM C,Surabaya
1472,ATM E,Jakarta
1473,ATM D,Yogyakarta
1474,ATM E,Surabaya
1475,ATM C,Medan
1476,ATM E,Medan
1477,ATM A,Medan
1478,ATM E,Surabaya
1479,ATM A,Surabaya
1480,ATM B,Medan
1481,ATM A,Bandung
1482,ATM E,Medan
1483,ATM A,Surabaya
1484,ATM D,Surabaya
1485,ATM E,Surabaya
1486,ATM C,Yogyakarta
1487,ATM A,Surabaya
1488,ATM B,Jakarta
1489,ATM B,Bandung
1490,ATM A,Yogyakarta
1491,ATM A,Bandung
1492,ATM E,Bandung
1493,ATM D,Bandung
1494,ATM C,Medan
1495,ATM B,Bandung
1496,ATM C,Yogyakarta
1497,ATM A,Bandung
1498,ATM A,Yogyakarta
1499,ATM C,Yogyakarta
1500,ATM B,Jakarta
1501,ATM E,Surabaya
1502,ATM B,Surabaya
1503,ATM D,Bandung
1504,ATM E,Bandung
1505,ATM B,Bandung
1506,ATM A,Yogyakarta
1507,ATM E,Medan
1508,ATM C,Surabaya
1509,ATM B,Yogyakarta
1510,ATM D,Surabaya
1511,ATM E,Surabaya
1512,ATM C,Yogyakarta
1513,ATM C,Yogyakarta
1514,ATM B,Surabaya
1515,ATM B,Surabaya
1516,ATM D,Yogyakarta
1517,ATM D,Surabaya
1518,ATM E,Bandung
1519,ATM C,Medan
1520,ATM D,Bandung
1521,ATM A,Bandung
1522,ATM C,Yogyakarta
1523,ATM D,Bandung
1524,ATM C,Surabaya
1525,ATM E,Bandung
1526,ATM D,Yogyakarta
1527,ATM A,Medan
1528,ATM B,Medan
1529,ATM E,Jakarta
1530,ATM C,Yogyakarta
1531,ATM E,Jakarta
1532,ATM B,Yogyakarta
1533,ATM A,Surabaya
1534,ATM E,Jakarta
1535,ATM A,Jakarta
1536,ATM D,Medan
1537,ATM B,Jakarta
1538,ATM D,Medan
1539,ATM C,Yogyakarta
1540,ATM E,Jakarta
1541,ATM B,Jakarta
1542,ATM E,Medan
1543,ATM B,Jakarta
1544,ATM E,Jakarta
1545,ATM E,Jakarta
1546,ATM D,Yogyakarta
1547,ATM A,Medan
1548,ATM E,Surabaya
1549,ATM B,Yogyakarta
1550,ATM C,Medan
1551,ATM D,Bandung
1552,ATM A,Yogyakarta
1553,ATM D,Jakarta
1554,ATM A,Jakarta
1555,ATM A,Yogyakarta
1556,ATM A,Surabaya
1557,ATM D,Bandung
1558,ATM E,Surabaya
1559,ATM C,Jakarta
1560,ATM D,Bandung
1561,ATM A,Bandung
1562,ATM C,Jakarta
1563,ATM B,Surabaya
1564,ATM A,Jakarta
1565,ATM C,Surabaya
1566,ATM B,Surabaya
1567,ATM A,Yogyakarta
1568,ATM A,Yogyakarta
1569,ATM E,Bandung
1570,ATM B,Medan
1571,ATM B,Medan
1572,ATM E,Jakarta
1573,ATM E,Medan
1574,ATM E,Surabaya
1575,ATM B,Surabaya
1576,ATM E,Surabaya
1577,ATM B,Medan
1578,ATM D,Surabaya
1579,ATM E,Yogyakarta
1580,ATM D,Yogyakarta
1581,ATM C,Jakarta
1582,ATM E,Yogyakarta
1583,ATM E,Jakarta
1584,ATM A,Jakarta
1585,ATM A,Yogyakarta
1586,ATM C,Medan
1587,ATM C,Surabaya
1588,ATM D,Medan
1589,ATM A,Medan
1590,ATM B,Bandung
1591,ATM C,Surabaya
1592,ATM A,Yogyakarta
1593,ATM E,Yogyakarta
1594,ATM D,Medan
1595,ATM E,Bandung
1596,ATM E,Surabaya
1597,ATM A,Bandung
1598,ATM E,Jakarta
1599,ATM D,Medan
1600,ATM C,Surabaya
1601,ATM A,Yogyakarta
1602,ATM B,Medan
1603,ATM D,Jakarta
1604,ATM E,Surabaya
1605,ATM C,Surabaya
1606,ATM A,Yogyakarta
1607,ATM C,Surabaya
1608,ATM B,Yogyakarta
1609,ATM C,Bandung
1610,ATM D,Yogyakarta
1611,ATM B,Bandung
1612,ATM C,Bandung
1613,ATM C,Surabaya
1614,ATM D,Surabaya
1615,ATM B,Medan
1616,ATM B,Surabaya
1617,ATM E,Medan
1618,ATM C,Yogyakarta
1619,ATM C,Jakarta
1620,ATM B,Surabaya
1621,ATM B,Surabaya
1622,ATM C,Surabaya
1623,ATM D,Medan
1624,ATM A,Medan
1625,ATM A,Medan
1626,ATM D,Yogyakarta
1627,ATM D,Medan
1628,ATM A,Surabaya
1629,ATM A,Yogyakarta
1630,ATM D,Medan
1631,ATM D,Jakarta
1632,ATM D,Bandung
1633,ATM B,Surabaya
1634,ATM E,Bandung
1635,ATM E,Jakarta
1636,ATM A,Surabaya
1637,ATM D,Yogyakarta
1638,ATM A,Medan
1639,ATM A,Bandung
1640,ATM C,Yogyakarta
1641,ATM E,Bandung
1642,ATM B,Medan
1643,ATM E,Jakarta
1644,ATM D,Medan
1645,ATM E,Bandung
1646,ATM D,Bandung
1647,ATM A,Surabaya
1648,ATM C,Bandung
1649,ATM E,Surabaya
1650,ATM C,Surabaya
1651,ATM D,Surabaya
1652,ATM E,Bandung
1653,ATM B,Yogyakarta
1654,ATM E,Medan
1655,ATM D,Yogyakarta
1656,ATM C,Surabaya
1657,ATM D,Bandung
1658,ATM A,Jakarta
1659,ATM B,Bandung
1660,ATM A,Jakarta
1661,ATM C,Medan
1662,ATM E,Bandung
1663,ATM D,Bandung
1664,ATM A,Jakarta
1665,ATM B,Medan
1666,ATM A,Jakarta
1667,ATM C,Surabaya
1668,ATM C,Bandung
1669,ATM C,Bandung
1670,ATM A,Bandung
1671,ATM A,Bandung
1672,ATM A,Surabaya
1673,ATM E,Bandung
1674,ATM D,Surabaya
1675,ATM D,Yogyakarta
1676,ATM D,Surabaya
1677,ATM D,Surabaya
1678,ATM D,Surabaya
1679,ATM B,Yogyakarta
1680,ATM A,Jakarta
1681,ATM A,Surabaya
1682,ATM D,Surabaya
1683,ATM C,Surabaya
1684,ATM B,Medan
1685,ATM E,Medan
1686,ATM E,Medan
1687,ATM E,Yogyakarta
1688,ATM E,Medan
1689,ATM B,Bandung
1690,ATM A,Jakarta
1691,ATM B,Surabaya
1692,ATM E,Bandung
1693,ATM D,Medan
1694,ATM C,Medan
1695,ATM C,Surabaya
1696,ATM B,Yogyakarta
1697,ATM C,Jakarta
1698,ATM B,Medan
1699,ATM B,Medan
1700,ATM D,Jakarta
1701,ATM B,Surabaya
1702,ATM E,Medan
1703,ATM E,Yogyakarta
1704,ATM A,Medan
1705,ATM E,Surabaya
1706,ATM A,Jakarta
1707,ATM D,Surabaya
1708,ATM A,Jakarta
1709,ATM E,Jakarta
1710,ATM D,Jakarta
1711,ATM A,Jakarta
1712,ATM D,Surabaya
1713,ATM B,Bandung
1714,ATM B,Medan
1715,ATM C,Surabaya
1716,ATM C,Jakarta
1717,ATM A,Medan
1718,ATM B,Surabaya
1719,ATM B,Jakarta
1720,ATM E,Yogyakarta
1721,ATM D,Jakarta
1722,ATM B,Yogyakarta
1723,ATM C,Surabaya
1724,ATM A,Medan
1725,ATM C,Yogyakarta
1726,ATM B,Jakarta
1727,ATM B,Yogyakarta
1728,ATM B,Jakarta
1729,ATM A,Surabaya
1730,ATM C,Bandung
1731,ATM B,Surabaya
1732,ATM B,Surabaya
1733,ATM E,Medan
1734,ATM D,Bandung
1735,ATM A,Bandung
1736,ATM A,Bandung
1737,ATM A,Surabaya
1738,ATM D,Bandung
1739,ATM D,Jakarta
1740,ATM D,Yogyakarta
1741,ATM E,Surabaya
1742,ATM C,Bandung
1743,ATM C,Surabaya
1744,ATM C,Jakarta
1745,ATM A,Jakarta
1746,ATM A,Bandung
1747,ATM E,Bandung
1748,ATM A,Jakarta
1749,ATM D,Jakarta
1750,ATM B,Surabaya
1751,ATM B,Yogyakarta
1752,ATM B,Medan
1753,ATM A,Medan
1754,ATM C,Bandung
1755,ATM D,Medan
1756,ATM C,Bandung
1757,ATM C,Jakarta
1758,ATM E,Jakarta
1759,ATM A,Medan
1760,ATM B,Yogyakarta
1761,ATM E,Jakarta
1762,ATM E,Bandung
1763,ATM D,Surabaya
1764,ATM D,Jakarta
1765,ATM C,Yogyakarta
1766,ATM D,Medan
1767,ATM E,Surabaya
1768,ATM C,Yogyakarta
1769,ATM A,Yogyakarta
1770,ATM C,Medan
1771,ATM B,Jakarta
1772,ATM A,Surabaya
1773,ATM E,Surabaya
1774,ATM D,Yogyakarta
1775,ATM C,Bandung
1776,ATM D,Jakarta
1777,ATM A,Jakarta
1778,ATM B,Bandung
1779,ATM E,Jakarta
1780,ATM D,Jakarta
1781,ATM C,Bandung
1782,ATM A,Jakarta
1783,ATM B,Bandung
1784,ATM C,Jakarta
1785,ATM E,Jakarta
1786,ATM C,Yogyakarta
1787,ATM D,Surabaya
1788,ATM D,Yogyakarta
1789,ATM D,Surabaya
1790,ATM B,Yogyakarta
1791,ATM E,Surabaya
1792,ATM E,Surabaya
1793,ATM B,Medan
1794,ATM B,Medan
1795,ATM A,Medan
1796,ATM D,Yogyakarta
1797,ATM E,Jakarta
1798,ATM A,Jakarta
1799,ATM D,Medan
1800,ATM B,Bandung
1801,ATM A,Jakarta
1802,ATM D,Yogyakarta
1803,ATM C,Surabaya
1804,ATM D,Jakarta
1805,ATM B,Yogyakarta
1806,ATM D,Jakarta
1807,ATM D,Surabaya
1808,ATM B,Medan
1809,ATM B,Medan
1810,ATM C,Jakarta
1811,ATM E,Medan
1812,ATM D,Jakarta
1813,ATM B,Bandung
1814,ATM D,Jakarta
1815,ATM B,Bandung
1816,ATM D,Yogyakarta
1817,ATM D,Jakarta
1818,ATM B,Bandung
1819,ATM B,Bandung
1820,ATM D,Jakarta
1821,ATM C,Bandung
1822,ATM A,Jakarta
1823,ATM D,Medan
1824,ATM A,Yogyakarta
1825,ATM A,Medan
1826,ATM E,Jakarta
1827,ATM E,Surabaya
1828,ATM B,Surabaya
1829,ATM B,Yogyakarta
1830,ATM D,Yogyakarta
1831,ATM C,Surabaya
1832,ATM B,Surabaya
1833,ATM D,Medan
1834,ATM A,Yogyakarta
1835,ATM E,Yogyakarta
1836,ATM A,Bandung
1837,ATM B,Surabaya
1838,ATM B,Jakarta
1839,ATM D,Surabaya
1840,ATM A,Bandung
1841,ATM B,Jakarta
1842,ATM D,Surabaya
1843,ATM A,Surabaya
1844,ATM B,Medan
1845,ATM E,Yogyakarta
1846,ATM E,Bandung
1847,ATM A,Jakarta
1848,ATM D,Medan
1849,ATM E,Medan
1850,ATM B,Jakarta
1851,ATM D,Medan
1852,ATM A,Yogyakarta
1853,ATM D,Bandung
1854,ATM D,Medan
1855,ATM C,Surabaya
1856,ATM E,Medan
1857,ATM B,Surabaya
1858,ATM B,Medan
1859,ATM C,Surabaya
1860,ATM D,Jakarta
1861,ATM B,Bandung
1862,ATM B,Bandung
1863,ATM B,Surabaya
1864,ATM D,Bandung
1865,ATM A,Bandung
1866,ATM B,Jakarta
1867,ATM B,Bandung
1868,ATM C,Bandung
1869,ATM E,Surabaya
1870,ATM B,Bandung
1871,ATM D,Jakarta
1872,ATM C,Bandung
1873,ATM C,Yogyakarta
1874,ATM B,Bandung
1875,ATM C,Jakarta
1876,ATM C,Surabaya
1877,ATM E,Bandung
1878,ATM A,Jakarta
1879,ATM A,Surabaya
1880,ATM C,Surabaya
1881,ATM C,Medan
1882,ATM E,Jakarta
1883,ATM A,Bandung
1884,ATM B,Jakarta
1885,ATM D,Medan
1886,ATM B,Surabaya
1887,ATM D,Yogyakarta
1888,ATM E,Yogyakarta
1889,ATM C,Jakarta
1890,ATM B,Surabaya
1891,ATM E,Surabaya
1892,ATM C,Medan
1893,ATM C,Bandung
1894,ATM E,Jakarta
1895,ATM B,Jakarta
1896,ATM A,Medan
1897,ATM B,Bandung
1898,ATM B,Surabaya
1899,ATM E,Jakarta
1900,ATM D,Jakarta
1901,ATM E,Jakarta
1902,ATM C,Yogyakarta
1903,ATM D,Surabaya
1904,ATM E,Surabaya
1905,ATM D,Surabaya
1906,ATM E,Surabaya
1907,ATM A,Yogyakarta
1908,ATM E,Medan
1909,ATM C,Bandung
1910,ATM B,Medan
1911,ATM E,Surabaya
1912,ATM C,Jakarta
1913,ATM C,Jakarta
1914,ATM D,Bandung
1915,ATM D,Surabaya
1916,ATM A,Medan
1917,ATM B,Bandung
1918,ATM D,Jakarta
1919,ATM C,Yogyakarta
1920,ATM B,Bandung
1921,ATM B,Jakarta
1922,ATM D,Surabaya
1923,ATM A,Bandung
1924,ATM B,Yogyakarta
1925,ATM E,Medan
1926,ATM D,Jakarta
1927,ATM D,Surabaya
1928,ATM D,Medan
1929,ATM A,Yogyakarta
1930,ATM A,Surabaya
1931,ATM E,Bandung
1932,ATM A,Yogyakarta
1933,ATM A,Bandung
1934,ATM E,Jakarta
1935,ATM C,Bandung
1936,ATM A,Jakarta
1937,ATM D,Yogyakarta
1938,ATM E,Jakarta
1939,ATM B,Yogyakarta
1940,ATM C,Yogyakarta
1941,ATM D,Yogyakarta
1942,ATM C,Surabaya
1943,ATM C,Bandung
1944,ATM C,Surabaya
1945,ATM C,Surabaya
1946,ATM C,Jakarta
1947,ATM B,Yogyakarta
1948,ATM B,Jakarta
1949,ATM B,Yogyakarta
1950,ATM B,Yogyakarta
1951,ATM E,Yogyakarta
1952,ATM C,Bandung
1953,ATM C,Surabaya
1954,ATM C,Medan
1955,ATM D,Jakarta
1956,ATM D,Jakarta
1957,ATM B,Jakarta
1958,ATM D,Yogyakarta
1959,ATM A,Jakarta
1960,ATM B,Bandung
1961,ATM B,Yogyakarta
1962,ATM D,Jakarta
1963,ATM D,Bandung
1964,ATM C,Yogyakarta
1965,ATM C,Yogyakarta
1966,ATM E,Surabaya
1967,ATM A,Jakarta
1968,ATM C,Yogyakarta
1969,ATM C,Surabaya
1970,ATM E,Yogyakarta
1971,ATM D,Jakarta
1972,ATM A,Bandung
1973,ATM E,Bandung
1974,ATM B,Medan
1975,ATM B,Jakarta
1976,ATM B,Yogyakarta
1977,ATM B,Yogyakarta
1978,ATM B,Medan
1979,ATM C,Yogyakarta
1980,ATM C,Yogyakarta
1981,ATM E,Jakarta
1982,ATM C,Surabaya
1983,ATM D,Bandung
1984,ATM E,Surabaya
1985,ATM C,Medan
1986,ATM E,Bandung
1987,ATM D,Bandung
1988,ATM C,Medan
1989,ATM D,Bandung
1990,ATM A,Bandung
1991,ATM A,Yogyakarta
1992,ATM A,Jakarta
1993,ATM E,Medan
1994,ATM D,Jakarta
1995,ATM C,Bandung
1996,ATM A,Jakarta
1997,ATM A,Surabaya
1998,ATM E,Jakarta
1999,ATM D,Medan
2000,ATM A,Surabaya
2001,ATM C,Yogyakarta
2002,ATM D,Surabaya
2003,ATM A,Bandung
2004,ATM D,Yogyakarta
2005,ATM C,Surabaya
2006,ATM A,Jakarta
2007,ATM E,Medan
2008,ATM A,Medan
2009,ATM E,Bandung
2010,ATM B,Bandung
2011,ATM A,Medan
2012,ATM D,Medan
2013,ATM B,Medan
2014,ATM D,Surabaya
2015,ATM A,Bandung
2016,ATM A,Surabaya
2017,ATM B,Yogyakarta
2018,ATM C,Medan
2019,ATM E,Bandung
2020,ATM B,Medan
2021,ATM C,Bandung
2022,ATM E,Jakarta
2023,ATM A,Bandung
2024,ATM B,Bandung
2025,ATM D,Medan
2026,ATM C,Medan
2027,ATM C,Yogyakarta
2028,ATM D,Bandung
2029,ATM B,Yogyakarta
2030,ATM B,Jakarta
2031,ATM B,Medan
2032,ATM A,Yogyakarta
2033,ATM A,Medan
2034,ATM E,Yogyakarta
2035,ATM A,Surabaya
2036,ATM E,Bandung
2037,ATM D,Surabaya
2038,ATM A,Bandung
2039,ATM E,Surabaya
2040,ATM B,Medan
2041,ATM A,Jakarta
2042,ATM E,Surabaya
2043,ATM B,Jakarta
2044,ATM B,Surabaya
2045,ATM E,Yogyakarta
2046,ATM D,Bandung
2047,ATM A,Medan
2048,ATM D,Yogyakarta
2049,ATM D,Medan
2050,ATM D,Yogyakarta
2051,ATM D,Surabaya
2052,ATM A,Bandung
2053,ATM C,Medan
2054,ATM D,Jakarta
2055,ATM A,Jakarta
2056,ATM B,Surabaya
2057,ATM C,Jakarta
2058,ATM D,Medan
2059,ATM B,Yogyakarta
2060,ATM C,Jakarta
2061,ATM A,Bandung
2062,ATM C,Medan
2063,ATM C,Bandung
2064,ATM C,Medan
2065,ATM C,Medan
2066,ATM A,Surabaya
2067,ATM D,Jakarta
2068,ATM E,Medan
2069,ATM C,Yogyakarta
2070,ATM E,Bandung
2071,ATM D,Medan
2072,ATM C,Surabaya
2073,ATM B,Surabaya
2074,ATM E,Bandung
2075,ATM E,Yogyakarta
2076,ATM A,Surabaya
2077,ATM B,Jakarta
2078,ATM B,Surabaya
2079,ATM B,Jakarta
2080,ATM B,Surabaya
2081,ATM B,Surabaya
2082,ATM C,Jakarta
2083,ATM C,Medan
2084,ATM B,Medan
2085,ATM C,Medan
2086,ATM E,Jakarta
2087,ATM E,Jakarta
2088,ATM E,Surabaya
2089,ATM D,Medan
2090,ATM E,Surabaya
2091,ATM B,Jakarta
2092,ATM E,Jakarta
2093,ATM E,Medan
2094,ATM A,Medan
2095,ATM E,Yogyakarta
2096,ATM C,Bandung
2097,ATM E,Medan
2098,ATM B,Surabaya
2099,ATM E,Surabaya
2100,ATM A,Jakarta
2101,ATM D,Yogyakarta
2102,ATM A,Bandung
2103,ATM A,Yogyakarta
2104,ATM A,Bandung
2105,ATM E,Yogyakarta
2106,ATM C,Surabaya
2107,ATM D,Surabaya
2108,ATM E,Jakarta
2109,ATM D,Jakarta
2110,ATM E,Yogyakarta
2111,ATM A,Surabaya
2112,ATM B,Jakarta
2113,ATM E,Surabaya
2114,ATM A,Yogyakarta
2115,ATM C,Jakarta
2116,ATM A,Yogyakarta
2117,ATM C,Yogyakarta
2118,ATM D,Surabaya
2119,ATM B,Medan
2120,ATM A,Surabaya
2121,ATM E,Medan
2122,ATM D,Bandung
2123,ATM C,Jakarta
2124,ATM D,Surabaya
2125,ATM D,Jakarta
2126,ATM C,Jakarta
2127,ATM B,Medan
2128,ATM B,Medan
2129,ATM B,Jakarta
2130,ATM B,Medan
2131,ATM A,Yogyakarta
2132,ATM B,Medan
2133,ATM D,Medan
2134,ATM B,Bandung
2135,ATM A,Surabaya
2136,ATM B,Medan
2137,ATM C,Yogyakarta
2138,ATM D,Bandung
2139,ATM D,Yogyakarta
2140,ATM A,Jakarta
2141,ATM A,Surabaya
2142,ATM D,Medan
2143,ATM B,Jakarta
2144,ATM B,Bandung
2145,ATM C,Jakarta
2146,ATM A,Medan
2147,ATM A,Yogyakarta
2148,ATM D,Jakarta
2149,ATM D,Surabaya
2150,ATM B,Jakarta
2151,ATM B,Bandung
2152,ATM E,Medan
2153,ATM C,Bandung
2154,ATM A,Medan
2155,ATM E,Yogyakarta
2156,ATM A,Bandung
2157,ATM B,Jakarta
2158,ATM E,Bandung
2159,ATM C,Bandung
2160,ATM C,Medan
2161,ATM A,Jakarta
2162,ATM D,Medan
2163,ATM E,Jakarta
2164,ATM D,Yogyakarta
2165,ATM E,Surabaya
2166,ATM D,Surabaya
2167,ATM B,Medan
2168,ATM A,Yogyakarta
2169,ATM A,Jakarta
2170,ATM B,Medan
2171,ATM E,Medan
2172,ATM A,Medan
2173,ATM B,Bandung
2174,ATM C,Yogyakarta
2175,ATM C,Medan
2176,ATM B,Yogyakarta
2177,ATM C,Bandung
2178,ATM D,Surabaya
2179,ATM B,Yogyakarta
2180,ATM B,Medan
2181,ATM B,Medan
2182,ATM D,Bandung
2183,ATM A,Jakarta
2184,ATM D,Bandung
2185,ATM C,Bandung
2186,ATM C,Surabaya
2187,ATM C,Surabaya
2188,ATM B,Yogyakarta
2189,ATM D,Medan
2190,ATM D,Bandung
2191,ATM A,Bandung
2192,ATM B,Medan
2193,ATM C,Bandung
2194,ATM B,Bandung
2195,ATM C,Yogyakarta
2196,ATM A,Jakarta
2197,ATM B,Surabaya
2198,ATM E,Bandung
2199,ATM E,Surabaya
2200,ATM D,Surabaya
2201,ATM E,Medan
2202,ATM D,Yogyakarta
2203,ATM A,Bandung
2204,ATM E,Bandung
2205,ATM D,Yogyakarta
2206,ATM A,Surabaya
2207,ATM A,Medan
2208,ATM A,Bandung
2209,ATM B,Medan
2210,ATM A,Yogyakarta
2211,ATM A,Surabaya
2212,ATM A,Medan
2213,ATM A,Jakarta
2214,ATM A,Surabaya
2215,ATM C,Medan
2216,ATM E,Medan
2217,ATM A,Bandung
2218,ATM D,Medan
2219,ATM D,Medan
2220,ATM A,Surabaya
2221,ATM E,Yogyakarta
2222,ATM C,Medan
2223,ATM E,Jakarta
2224,ATM C,Jakarta
2225,ATM A,Surabaya
2226,ATM B,Bandung
2227,ATM D,Yogyakarta
2228,ATM B,Medan
2229,ATM D,Bandung
2230,ATM A,Jakarta
2231,ATM E,Yogyakarta
2232,ATM A,Medan
2233,ATM B,Bandung
2234,ATM A,Yogyakarta
2235,ATM B,Medan
2236,ATM E,Bandung
2237,ATM B,Jakarta
2238,ATM C,Yogyakarta
2239,ATM B,Yogyakarta
2240,ATM B,Yogyakarta
2241,ATM A,Medan
2242,ATM E,Bandung
2243,ATM A,Jakarta
2244,ATM B,Bandung
2245,ATM A,Bandung
2246,ATM D,Medan
2247,ATM E,Surabaya
2248,ATM C,Jakarta
2249,ATM B,Bandung
2250,ATM B,Medan
2251,ATM D,Surabaya
2252,ATM B,Jakarta
2253,ATM B,Bandung
2254,ATM C,Yogyakarta
2255,ATM C,Yogyakarta
2256,ATM B,Bandung
2257,ATM C,Bandung
2258,ATM E,Bandung
2259,ATM D,Jakarta
2260,ATM C,Jakarta
2261,ATM A,Bandung
2262,ATM D,Bandung
2263,ATM C,Jakarta
2264,ATM E,Bandung
2265,ATM A,Bandung
2266,ATM C,Medan
2267,ATM B,Yogyakarta
2268,ATM A,Bandung
2269,ATM C,Jakarta
2270,ATM B,Medan
2271,ATM E,Yogyakarta
2272,ATM B,Surabaya
2273,ATM D,Bandung
2274,ATM A,Bandung
2275,ATM A,Bandung
2276,ATM A,Bandung
2277,ATM A,Bandung
2278,ATM E,Surabaya
2279,ATM A,Bandung
2280,ATM D,Yogyakarta
2281,ATM B,Medan
2282,ATM B,Yogyakarta
2283,ATM E,Yogyakarta
2284,ATM A,Surabaya
2285,ATM D,Yogyakarta
2286,ATM D,Jakarta
2287,ATM C,Jakarta
2288,ATM E,Bandung
2289,ATM E,Medan
2290,ATM B,Yogyakarta
2291,ATM B,Yogyakarta
2292,ATM D,Medan
2293,ATM C,Jakarta
2294,ATM A,Jakarta
2295,ATM C,Surabaya
2296,ATM E,Jakarta
2297,ATM B,Surabaya
2298,ATM B,Jakarta
2299,ATM D,Yogyakarta
2300,ATM E,Yogyakarta
2301,ATM B,Jakarta
2302,ATM C,Surabaya
2303,ATM D,Jakarta
2304,ATM A,Jakarta
2305,ATM D,Surabaya
2306,ATM A,Yogyakarta
2307,ATM A,Surabaya
2308,ATM D,Bandung
2309,ATM E,Jakarta
2310,ATM C,Medan
2311,ATM D,Jakarta
2312,ATM B,Bandung
2313,ATM A,Bandung
2314,ATM D,Medan
2315,ATM B,Medan
2316,ATM E,Jakarta
2317,ATM B,Bandung
2318,ATM B,Jakarta
2319,ATM E,Yogyakarta
2320,ATM A,Jakarta
2321,ATM B,Surabaya
2322,ATM A,Bandung
2323,ATM E,Yogyakarta
2324,ATM E,Medan
2325,ATM B,Yogyakarta
2326,ATM A,Surabaya
2327,ATM B,Bandung
2328,ATM D,Yogyakarta
2329,ATM A,Bandung
2330,ATM D,Surabaya
2331,ATM D,Jakarta
2332,ATM A,Bandung
2333,ATM E,Surabaya
2334,ATM C,Jakarta
2335,ATM C,Yogyakarta
2336,ATM D,Jakarta
2337,ATM B,Medan
2338,ATM B,Surabaya
2339,ATM D,Bandung
2340,ATM D,Surabaya
2341,ATM D,Bandung
2342,ATM D,Surabaya
2343,ATM B,Medan
2344,ATM B,Bandung
2345,ATM B,Bandung
2346,ATM D,Surabaya
2347,ATM B,Bandung
2348,ATM A,Bandung
2349,ATM B,Medan
2350,ATM C,Bandung
2351,ATM B,Medan
2352,ATM E,Bandung
2353,ATM B,Medan
2354,ATM D,Jakarta
2355,ATM A,Jakarta
2356,ATM E,Yogyakarta
2357,ATM B,Medan
2358,ATM E,Medan
2359,ATM B,Yogyakarta
2360,ATM D,Yogyakarta
2361,ATM B,Jakarta
2362,ATM B,Bandung
2363,ATM A,Yogyakarta
2364,ATM B,Yogyakarta
2365,ATM D,Surabaya
2366,ATM B,Bandung
2367,ATM D,Medan
2368,ATM C,Surabaya
2369,ATM B,Medan
2370,ATM E,Bandung
2371,ATM C,Jakarta
2372,ATM C,Bandung
2373,ATM B,Medan
2374,ATM C,Surabaya
2375,ATM E,Yogyakarta
2376,ATM E,Jakarta
2377,ATM D,Jakarta
2378,ATM C,Bandung
2379,ATM C,Yogyakarta
2380,ATM C,Jakarta
2381,ATM A,Surabaya
2382,ATM B,Yogyakarta
2383,ATM A,Jakarta
2384,ATM E,Medan
2385,ATM E,Yogyakarta
2386,ATM E,Medan
2387,ATM B,Jakarta
2388,ATM B,Yogyakarta
2389,ATM C,Bandung
2390,ATM D,Jakarta
2391,ATM E,Surabaya
2392,ATM D,Yogyakarta
2393,ATM E,Yogyakarta
2394,ATM E,Medan
2395,ATM D,Yogyakarta
2396,ATM A,Bandung
2397,ATM C,Medan
2398,ATM B,Yogyakarta
2399,ATM E,Medan
2400,ATM A,Medan
2401,ATM B,Surabaya
2402,ATM E,Bandung
2403,ATM B,Jakarta
2404,ATM B,Jakarta
2405,ATM E,Yogyakarta
2406,ATM D,Yogyakarta
2407,ATM B,Jakarta
2408,ATM A,Yogyakarta
2409,ATM C,Surabaya
2410,ATM B,Bandung
2411,ATM C,Jakarta
2412,ATM B,Yogyakarta
2413,ATM C,Bandung
2414,ATM C,Bandung
2415,ATM A,Surabaya
2416,ATM A,Bandung
2417,ATM B,Medan
2418,ATM E,Medan
2419,ATM D,Jakarta
2420,ATM B,Bandung
2421,ATM B,Bandung
2422,ATM A,Jakarta
2423,ATM E,Medan
2424,ATM B,Jakarta
2425,ATM B,Yogyakarta
2426,ATM B,Surabaya
2427,ATM C,Medan
2428,ATM D,Jakarta
2429,ATM E,Jakarta
2430,ATM B,Bandung
2431,ATM B,Medan
2432,ATM E,Medan
2433,ATM E,Jakarta
2434,ATM B,Medan
2435,ATM A,Bandung
2436,ATM B,Jakarta
2437,ATM B,Yogyakarta
2438,ATM D,Yogyakarta
2439,ATM D,Bandung
2440,ATM B,Yogyakarta
2441,ATM C,Jakarta
2442,ATM C,Bandung
2443,ATM E,Yogyakarta
2444,ATM E,Jakarta
2445,ATM E,Yogyakarta
2446,ATM C,Surabaya
2447,ATM D,Yogyakarta
2448,ATM E,Bandung
2449,ATM A,Surabaya
2450,ATM E,Jakarta
2451,ATM C,Yogyakarta
2452,ATM E,Medan
2453,ATM B,Bandung
2454,ATM D,Bandung
2455,ATM D,Bandung
2456,ATM B,Jakarta
2457,ATM B,Surabaya
2458,ATM C,Bandung
2459,ATM D,Surabaya
2460,ATM C,Surabaya
2461,ATM C,Medan
2462,ATM D,Yogyakarta
2463,ATM E,Surabaya
2464,ATM D,Surabaya
2465,ATM D,Medan
2466,ATM C,Medan
2467,ATM B,Jakarta
2468,ATM C,Yogyakarta
2469,ATM C,Medan
2470,ATM B,Medan
2471,ATM D,Jakarta
2472,ATM A,Surabaya
2473,ATM A,Surabaya
2474,ATM A,Medan
2475,ATM D,Medan
2476,ATM B,Jakarta
2477,ATM E,Jakarta
2478,ATM E,Bandung
2479,ATM D,Bandung
2480,ATM A,Jakarta
2481,ATM A,Bandung
2482,ATM B,Medan
2483,ATM C,Yogyakarta
2484,ATM A,Jakarta
2485,ATM C,Medan
2486,ATM E,Surabaya
2487,ATM D,Jakarta
2488,ATM B,Jakarta
2489,ATM C,Yogyakarta
2490,ATM C,Jakarta
2491,ATM B,Surabaya
2492,ATM A,Yogyakarta
2493,ATM D,Jakarta
2494,ATM B,Medan
2495,ATM A,Jakarta
2496,ATM B,Surabaya
2497,ATM D,Jakarta
2498,ATM B,Surabaya
2499,ATM D,Surabaya
2500,ATM B,Yogyakarta
2501,ATM E,Surabaya
2502,ATM A,Surabaya
2503,ATM B,Bandung
2504,ATM C,Yogyakarta
2505,ATM E,Surabaya
2506,ATM B,Bandung
2507,ATM C,Medan
2508,ATM E,Surabaya
2509,ATM A,Medan
2510,ATM A,Jakarta
2511,ATM D,Yogyakarta
2512,ATM B,Jakarta
2513,ATM A,Jakarta
2514,ATM B,Medan
2515,ATM D,Bandung
2516,ATM B,Surabaya
2517,ATM C,Jakarta
2518,ATM D,Medan
2519,ATM B,Medan
2520,ATM A,Bandung
2521,ATM A,Surabaya
2522,ATM A,Bandung
2523,ATM B,Yogyakarta
2524,ATM B,Yogyakarta
2525,ATM D,Bandung
2526,ATM B,Jakarta
2527,ATM B,Bandung
2528,ATM B,Yogyakarta
2529,ATM C,Jakarta
2530,ATM B,Yogyakarta
2531,ATM D,Yogyakarta
2532,ATM B,Medan
2533,ATM B,Surabaya
2534,ATM B,Yogyakarta
2535,ATM B,Yogyakarta
2536,ATM C,Medan
2537,ATM E,Surabaya
2538,ATM A,Jakarta
2539,ATM D,Jakarta
2540,ATM A,Bandung
2541,ATM B,Surabaya
2542,ATM B,Bandung
2543,ATM E,Bandung
2544,ATM D,Bandung
2545,ATM A,Surabaya
2546,ATM E,Medan
2547,ATM D,Medan
2548,ATM C,Yogyakarta
2549,ATM B,Jakarta
2550,ATM D,Surabaya
2551,ATM D,Jakarta
2552,ATM E,Bandung
2553,ATM D,Jakarta
2554,ATM D,Yogyakarta
2555,ATM B,Surabaya
2556,ATM B,Surabaya
2557,ATM A,Surabaya
2558,ATM B,Medan
2559,ATM C,Surabaya
2560,ATM E,Yogyakarta
2561,ATM C,Jakarta
2562,ATM C,Bandung
2563,ATM B,Medan
2564,ATM C,Surabaya
2565,ATM A,Jakarta
2566,ATM D,Bandung
2567,ATM D,Medan
2568,ATM A,Yogyakarta
2569,ATM C,Jakarta
2570,ATM E,Surabaya
2571,ATM A,Medan
2572,ATM D,Yogyakarta
2573,ATM C,Medan
2574,ATM A,Yogyakarta
2575,ATM C,Bandung
2576,ATM C,Yogyakarta
2577,ATM B,Jakarta
2578,ATM D,Yogyakarta
2579,ATM D,Surabaya
2580,ATM E,Bandung
2581,ATM B,Yogyakarta
2582,ATM B,Medan
2583,ATM B,Bandung
2584,ATM E,Medan
2585,ATM E,Bandung
2586,ATM D,Medan
2587,ATM C,Surabaya
2588,ATM E,Medan
2589,ATM B,Medan
2590,ATM E,Bandung
2591,ATM C,Yogyakarta
2592,ATM E,Surabaya
2593,ATM B,Surabaya
2594,ATM D,Medan
2595,ATM C,Surabaya
2596,ATM D,Surabaya
2597,ATM E,Bandung
2598,ATM C,Jakarta
2599,ATM E,Medan
2600,ATM A,Yogyakarta
2601,ATM C,Bandung
2602,ATM D,Medan
2603,ATM A,Surabaya
2604,ATM A,Jakarta
2605,ATM E,Medan
2606,ATM D,Surabaya
2607,ATM D,Surabaya
2608,ATM B,Medan
2609,ATM C,Yogyakarta
2610,ATM B,Medan
2611,ATM B,Yogyakarta
2612,ATM B,Medan
2613,ATM C,Jakarta
2614,ATM C,Surabaya
2615,ATM A,Surabaya
2616,ATM D,Surabaya
2617,ATM D,Surabaya
2618,ATM B,Medan
2619,ATM E,Jakarta
2620,ATM A,Medan
2621,ATM D,Medan
2622,ATM D,Jakarta
2623,ATM E,Bandung
2624,ATM B,Jakarta
2625,ATM B,Yogyakarta
2626,ATM C,Surabaya
2627,ATM D,Jakarta
2628,ATM A,Jakarta
2629,ATM E,Bandung
2630,ATM C,Bandung
2631,ATM C,Jakarta
2632,ATM E,Jakarta
2633,ATM B,Jakarta
2634,ATM A,Medan
2635,ATM B,Bandung
2636,ATM C,Jakarta
2637,ATM C,Jakarta
2638,ATM B,Jakarta
2639,ATM A,Bandung
2640,ATM B,Surabaya
2641,ATM A,Bandung
2642,ATM B,Jakarta
2643,ATM B,Surabaya
2644,ATM E,Yogyakarta
2645,ATM D,Medan
2646,ATM B,Bandung
2647,ATM A,Medan
2648,ATM D,Bandung
2649,ATM A,Yogyakarta
2650,ATM E,Yogyakarta
2651,ATM E,Bandung
2652,ATM D,Surabaya
2653,ATM E,Surabaya
2654,ATM C,Surabaya
2655,ATM A,Bandung
2656,ATM E,Medan
2657,ATM C,Medan
2658,ATM A,Bandung
2659,ATM A,Bandung
2660,ATM D,Medan
2661,ATM B,Surabaya
2662,ATM D,Bandung
2663,ATM E,Medan
2664,ATM B,Yogyakarta
2665,ATM C,Bandung
2666,ATM E,Jakarta
2667,ATM D,Surabaya
2668,ATM A,Jakarta
2669,ATM C,Surabaya
2670,ATM A,Surabaya
2671,ATM A,Surabaya
2672,ATM E,Yogyakarta
2673,ATM E,Surabaya
2674,ATM A,Bandung
2675,ATM D,Jakarta
2676,ATM C,Surabaya
2677,ATM C,Surabaya
2678,ATM C,Medan
2679,ATM E,Medan
2680,ATM B,Medan
2681,ATM C,Yogyakarta
2682,ATM B,Surabaya
2683,ATM E,Bandung
2684,ATM E,Jakarta
2685,ATM C,Jakarta
2686,ATM D,Surabaya
2687,ATM D,Yogyakarta
2688,ATM D,Surabaya
2689,ATM E,Medan
2690,ATM D,Medan
2691,ATM B,Bandung
2692,ATM B,Yogyakarta
2693,ATM B,Surabaya
2694,ATM C,Yogyakarta
2695,ATM D,Yogyakarta
2696,ATM A,Medan
2697,ATM E,Bandung
2698,ATM A,Surabaya
2699,ATM E,Surabaya
2700,ATM E,Jakarta
2701,ATM C,Bandung
2702,ATM A,Surabaya
2703,ATM E,Jakarta
2704,ATM A,Jakarta
2705,ATM A,Medan
2706,ATM E,Jakarta
2707,ATM A,Bandung
2708,ATM E,Yogyakarta
2709,ATM B,Surabaya
2710,ATM E,Medan
2711,ATM E,Jakarta
2712,ATM E,Surabaya
2713,ATM A,Yogyakarta
2714,ATM B,Surabaya
2715,ATM C,Jakarta
2716,ATM E,Bandung
2717,ATM D,Surabaya
2718,ATM D,Surabaya
2719,ATM B,Yogyakarta
2720,ATM C,Yogyakarta
2721,ATM B,Yogyakarta
2722,ATM D,Jakarta
2723,ATM E,Medan
2724,ATM E,Surabaya
2725,ATM D,Surabaya
2726,ATM E,Medan
2727,ATM B,Yogyakarta
2728,ATM A,Yogyakarta
2729,ATM E,Yogyakarta
2730,ATM B,Bandung
2731,ATM C,Surabaya
2732,ATM C,Medan
2733,ATM C,Bandung
2734,ATM B,Bandung
2735,ATM E,Yogyakarta
2736,ATM B,Bandung
2737,ATM A,Jakarta
2738,ATM D,Surabaya
2739,ATM B,Medan
2740,ATM B,Jakarta
2741,ATM B,Bandung
2742,ATM E,Bandung
2743,ATM B,Surabaya
2744,ATM A,Bandung
2745,ATM E,Yogyakarta
2746,ATM C,Bandung
2747,ATM C,Bandung
2748,ATM B,Bandung
2749,ATM E,Surabaya
2750,ATM A,Yogyakarta
2751,ATM E,Surabaya
2752,ATM E,Jakarta
2753,ATM A,Surabaya
2754,ATM E,Surabaya
2755,ATM A,Medan
2756,ATM B,Yogyakarta
2757,ATM E,Surabaya
2758,ATM E,Jakarta
2759,ATM E,Medan
2760,ATM A,Jakarta
2761,ATM A,Medan
2762,ATM C,Bandung
2763,ATM D,Surabaya
2764,ATM E,Medan
2765,ATM A,Medan
2766,ATM E,Surabaya
2767,ATM B,Bandung
2768,ATM D,Bandung
2769,ATM D,Surabaya
2770,ATM A,Bandung
2771,ATM C,Medan
2772,ATM B,Medan
2773,ATM D,Yogyakarta
2774,ATM D,Medan
2775,ATM E,Jakarta
2776,ATM A,Yogyakarta
2777,ATM C,Yogyakarta
2778,ATM B,Surabaya
2779,ATM A,Bandung
2780,ATM D,Surabaya
2781,ATM D,Surabaya
2782,ATM D,Surabaya
2783,ATM D,Bandung
2784,ATM A,Bandung
2785,ATM C,Yogyakarta
2786,ATM A,Medan
2787,ATM C,Yogyakarta
2788,ATM C,Surabaya
2789,ATM E,Yogyakarta
2790,ATM A,Jakarta
2791,ATM A,Yogyakarta
2792,ATM B,Medan
2793,ATM C,Jakarta
2794,ATM E,Medan
2795,ATM E,Medan
2796,ATM B,Jakarta
2797,ATM B,Surabaya
2798,ATM B,Bandung
2799,ATM E,Surabaya
2800,ATM D,Bandung
2801,ATM C,Yogyakarta
2802,ATM E,Yogyakarta
2803,ATM C,Medan
2804,ATM D,Yogyakarta
2805,ATM C,Medan
2806,ATM D,Jakarta
2807,ATM D,Yogyakarta
2808,ATM A,Surabaya
2809,ATM D,Yogyakarta
2810,ATM E,Bandung
2811,ATM A,Jakarta
2812,ATM C,Jakarta
2813,ATM D,Bandung
2814,ATM D,Yogyakarta
2815,ATM B,Bandung
2816,ATM E,Surabaya
2817,ATM D,Jakarta
2818,ATM C,Surabaya
2819,ATM D,Medan
2820,ATM D,Medan
2821,ATM B,Yogyakarta
2822,ATM A,Yogyakarta
2823,ATM E,Medan
2824,ATM C,Medan
2825,ATM B,Surabaya
2826,ATM C,Surabaya
2827,ATM D,Medan
2828,ATM A,Yogyakarta
2829,ATM C,Bandung
2830,ATM B,Bandung
2831,ATM D,Bandung
2832,ATM C,Bandung
2833,ATM E,Medan
2834,ATM C,Medan
2835,ATM A,Bandung
2836,ATM D,Medan
2837,ATM D,Yogyakarta
2838,ATM E,Bandung
2839,ATM C,Yogyakarta
2840,ATM D,Medan
2841,ATM E,Jakarta
2842,ATM B,Jakarta
2843,ATM B,Medan
2844,ATM C,Medan
2845,ATM A,Bandung
2846,ATM E,Bandung
2847,ATM A,Bandung
2848,ATM C,Yogyakarta
2849,ATM E,Yogyakarta
2850,ATM D,Surabaya
2851,ATM B,Bandung
2852,ATM A,Jakarta
2853,ATM C,Medan
2854,ATM E,Surabaya
2855,ATM E,Medan
2856,ATM A,Bandung
2857,ATM D,Bandung
2858,ATM A,Yogyakarta
2859,ATM E,Surabaya
2860,ATM A,Surabaya
2861,ATM E,Bandung
2862,ATM A,Yogyakarta
2863,ATM C,Bandung
2864,ATM D,Jakarta
2865,ATM C,Jakarta
2866,ATM E,Bandung
2867,ATM A,Yogyakarta
2868,ATM B,Bandung
2869,ATM B,Yogyakarta
2870,ATM A,Yogyakarta
2871,ATM B,Bandung
2872,ATM A,Bandung
2873,ATM E,Yogyakarta
2874,ATM B,Surabaya
2875,ATM C,Bandung
2876,ATM C,Bandung
2877,ATM C,Yogyakarta
2878,ATM D,Yogyakarta
2879,ATM D,Yogyakarta
2880,ATM E,Yogyakarta
2881,ATM D,Jakarta
2882,ATM E,Surabaya
2883,ATM E,Bandung
2884,ATM B,Bandung
2885,ATM A,Medan
2886,ATM C,Medan
2887,ATM D,Yogyakarta
2888,ATM B,Surabaya
2889,ATM B,Jakarta
2890,ATM B,Yogyakarta
2891,ATM C,Medan
2892,ATM D,Bandung
2893,ATM C,Jakarta
2894,ATM A,Bandung
2895,ATM A,Surabaya
2896,ATM E,Bandung
2897,ATM A,Medan
2898,ATM E,Surabaya
2899,ATM C,Medan
2900,ATM C,Medan
2901,ATM D,Jakarta
2902,ATM E,Jakarta
2903,ATM D,Medan
2904,ATM B,Jakarta
2905,ATM B,Jakarta
2906,ATM D,Jakarta
2907,ATM E,Bandung
2908,ATM D,Jakarta
2909,ATM A,Bandung
2910,ATM D,Yogyakarta
2911,ATM A,Surabaya
2912,ATM C,Medan
2913,ATM B,Medan
2914,ATM A,Yogyakarta
2915,ATM A,Yogyakarta
2916,ATM A,Bandung
2917,ATM D,Bandung
2918,ATM E,Jakarta
2919,ATM A,Bandung
2920,ATM B,Medan
2921,ATM A,Yogyakarta
2922,ATM E,Surabaya
2923,ATM C,Bandung
2924,ATM B,Yogyakarta
2925,ATM D,Yogyakarta
2926,ATM B,Surabaya
2927,ATM A,Bandung
2928,ATM B,Yogyakarta
2929,ATM E,Surabaya
2930,ATM E,Yogyakarta
2931,ATM D,Bandung
2932,ATM E,Surabaya
2933,ATM A,Jakarta
2934,ATM B,Bandung
2935,ATM E,Surabaya
2936,ATM C,Yogyakarta
2937,ATM B,Jakarta
2938,ATM C,Bandung
2939,ATM B,Yogyakarta
2940,ATM C,Jakarta
2941,ATM B,Medan
2942,ATM E,Jakarta
2943,ATM D,Medan
2944,ATM B,Medan
2945,ATM A,Medan
2946,ATM B,Jakarta
2947,ATM D,Medan
2948,ATM E,Bandung
2949,ATM D,Medan
2950,ATM D,Medan
2951,ATM D,Yogyakarta
2952,ATM A,Jakarta
2953,ATM D,Yogyakarta
2954,ATM C,Jakarta
2955,ATM C,Jakarta
2956,ATM E,Medan
2957,ATM B,Bandung
2958,ATM D,Yogyakarta
2959,ATM C,Surabaya
2960,ATM A,Medan
2961,ATM D,Surabaya
2962,ATM C,Surabaya
2963,ATM A,Bandung
2964,ATM A,Medan
2965,ATM A,Jakarta
2966,ATM C,Bandung
2967,ATM D,Bandung
2968,ATM B,Medan
2969,ATM D,Jakarta
2970,ATM B,Bandung
2971,ATM B,Bandung
2972,ATM C,Surabaya
2973,ATM C,Yogyakarta
2974,ATM A,Jakarta
2975,ATM A,Jakarta
2976,ATM B,Surabaya
2977,ATM A,Medan
2978,ATM C,Yogyakarta
2979,ATM E,Bandung
2980,ATM D,Jakarta
2981,ATM A,Yogyakarta
2982,ATM C,Surabaya
2983,ATM B,Medan
2984,ATM A,Medan
2985,ATM E,Yogyakarta
2986,ATM A,Jakarta
2987,ATM A,Surabaya
2988,ATM E,Surabaya
2989,ATM A,Surabaya
2990,ATM E,Medan
2991,ATM E,Jakarta
2992,ATM A,Medan
2993,ATM D,Jakarta
2994,ATM A,Surabaya
2995,ATM B,Yogyakarta
2996,ATM B,Jakarta
2997,ATM E,Medan
2998,ATM B,Yogyakarta
2999,ATM B,Medan
3000,ATM C,Medan
3001,ATM A,Yogyakarta
3002,ATM A,Bandung
3003,ATM D,Medan
3004,ATM E,Bandung
3005,ATM B,Yogyakarta
3006,ATM B,Bandung
3007,ATM B,Medan
3008,ATM C,Jakarta
3009,ATM D,Surabaya
3010,ATM A,Yogyakarta
3011,ATM B,Bandung
3012,ATM D,Medan
3013,ATM B,Jakarta
3014,ATM D,Yogyakarta
3015,ATM D,Jakarta
3016,ATM A,Surabaya
3017,ATM B,Medan
3018,ATM D,Bandung
3019,ATM B,Medan
3020,ATM E,Medan
3021,ATM B,Surabaya
3022,ATM A,Yogyakarta
3023,ATM C,Jakarta
3024,ATM C,Bandung
3025,ATM B,Yogyakarta
3026,ATM B,Medan
3027,ATM B,Yogyakarta
3028,ATM D,Yogyakarta
3029,ATM C,Jakarta
3030,ATM A,Jakarta
3031,ATM B,Yogyakarta
3032,ATM C,Medan
3033,ATM E,Medan
3034,ATM C,Medan
3035,ATM C,Medan
3036,ATM B,Yogyakarta
3037,ATM B,Medan
3038,ATM D,Jakarta
3039,ATM B,Bandung
3040,ATM B,Medan
3041,ATM E,Medan
3042,ATM C,Yogyakarta
3043,ATM A,Yogyakarta
3044,ATM C,Medan
3045,ATM E,Bandung
3046,ATM A,Jakarta
3047,ATM C,Yogyakarta
3048,ATM B,Bandung
3049,ATM A,Bandung
3050,ATM D,Medan
3051,ATM D,Jakarta
3052,ATM D,Medan
3053,ATM A,Medan
3054,ATM C,Bandung
3055,ATM C,Medan
3056,ATM D,Yogyakarta
3057,ATM D,Medan
3058,ATM A,Yogyakarta
3059,ATM A,Jakarta
3060,ATM C,Bandung
3061,ATM E,Medan
3062,ATM B,Bandung
3063,ATM D,Medan
3064,ATM D,Yogyakarta
3065,ATM E,Bandung
3066,ATM A,Yogyakarta
3067,ATM D,Yogyakarta
3068,ATM A,Medan
3069,ATM B,Medan
3070,ATM D,Bandung
3071,ATM D,Medan
3072,ATM E,Jakarta
3073,ATM B,Bandung
3074,ATM E,Surabaya
3075,ATM C,Yogyakarta
3076,ATM B,Yogyakarta
3077,ATM A,Yogyakarta
3078,ATM C,Bandung
3079,ATM C,Yogyakarta
3080,ATM D,Medan
3081,ATM D,Surabaya
3082,ATM C,Jakarta
3083,ATM A,Medan
3084,ATM B,Surabaya
3085,ATM D,Surabaya
3086,ATM C,Medan
3087,ATM B,Medan
3088,ATM A,Bandung
3089,ATM E,Bandung
3090,ATM A,Bandung
3091,ATM C,Bandung
3092,ATM B,Jakarta
3093,ATM E,Surabaya
3094,ATM A,Surabaya
3095,ATM D,Jakarta
3096,ATM A,Bandung
3097,ATM A,Yogyakarta
3098,ATM E,Yogyakarta
3099,ATM B,Medan
3100,ATM B,Surabaya
3101,ATM A,Surabaya
3102,ATM D,Medan
3103,ATM B,Surabaya
3104,ATM E,Bandung
3105,ATM D,Yogyakarta
3106,ATM B,Jakarta
3107,ATM A,Surabaya
3108,ATM A,Surabaya
3109,ATM B,Yogyakarta
3110,ATM B,Bandung
3111,ATM D,Yogyakarta
3112,ATM B,Bandung
3113,ATM A,Bandung
3114,ATM C,Jakarta
3115,ATM C,Bandung
3116,ATM E,Surabaya
3117,ATM B,Bandung
3118,ATM C,Jakarta
3119,ATM B,Yogyakarta
3120,ATM D,Surabaya
3121,ATM D,Medan
3122,ATM C,Surabaya
3123,ATM A,Medan
3124,ATM C,Jakarta
3125,ATM E,Surabaya
3126,ATM D,Surabaya
3127,ATM D,Bandung
3128,ATM A,Bandung
3129,ATM A,Yogyakarta
3130,ATM A,Surabaya
3131,ATM E,Surabaya
3132,ATM C,Bandung
3133,ATM E,Surabaya
3134,ATM E,Surabaya
3135,ATM A,Surabaya
3136,ATM D,Yogyakarta
3137,ATM C,Yogyakarta
3138,ATM C,Medan
3139,ATM D,Surabaya
3140,ATM D,Bandung
3141,ATM E,Yogyakarta
3142,ATM E,Yogyakarta
3143,ATM D,Jakarta
3144,ATM E,Jakarta
3145,ATM E,Bandung
3146,ATM E,Medan
3147,ATM A,Surabaya
3148,ATM B,Jakarta
3149,ATM A,Yogyakarta
3150,ATM D,Jakarta
3151,ATM B,Yogyakarta
3152,ATM E,Medan
3153,ATM D,Yogyakarta
3154,ATM B,Bandung
3155,ATM A,Jakarta
3156,ATM D,Surabaya
3157,ATM A,Bandung
3158,ATM B,Yogyakarta
3159,ATM A,Surabaya
3160,ATM B,Surabaya
3161,ATM B,Bandung
3162,ATM B,Jakarta
3163,ATM D,Surabaya
3164,ATM B,Medan
3165,ATM B,Surabaya
3166,ATM D,Medan
3167,ATM D,Yogyakarta
3168,ATM B,Jakarta
3169,ATM D,Medan
3170,ATM A,Yogyakarta
3171,ATM D,Jakarta
3172,ATM C,Jakarta
3173,ATM E,Surabaya
3174,ATM E,Medan
3175,ATM A,Surabaya
3176,ATM D,Yogyakarta
3177,ATM C,Bandung
3178,ATM D,Yogyakarta
3179,ATM B,Medan
3180,ATM C,Yogyakarta
3181,ATM E,Surabaya
3182,ATM D,Jakarta
3183,ATM B,Jakarta
3184,ATM E,Medan
3185,ATM C,Surabaya
3186,ATM E,Medan
3187,ATM B,Medan
3188,ATM B,Medan
3189,ATM B,Bandung
3190,ATM C,Bandung
3191,ATM D,Medan
3192,ATM A,Medan
3193,ATM E,Medan
3194,ATM C,Surabaya
3195,ATM C,Medan
3196,ATM E,Bandung
3197,ATM A,Jakarta
3198,ATM E,Surabaya
3199,ATM D,Yogyakarta
3200,ATM D,Medan
3201,ATM A,Jakarta
3202,ATM D,Bandung
3203,ATM E,Medan
3204,ATM D,Yogyakarta
3205,ATM A,Bandung
3206,ATM C,Jakarta
3207,ATM D,Medan
3208,ATM B,Jakarta
3209,ATM D,Jakarta
3210,ATM D,Yogyakarta
3211,ATM E,Yogyakarta
3212,ATM E,Medan
3213,ATM A,Jakarta
3214,ATM D,Bandung
3215,ATM A,Medan
3216,ATM D,Jakarta
3217,ATM D,Medan
3218,ATM D,Medan
3219,ATM D,Yogyakarta
3220,ATM C,Surabaya
3221,ATM E,Jakarta
3222,ATM C,Yogyakarta
3223,ATM E,Jakarta
3224,ATM E,Jakarta
3225,ATM A,Bandung
3226,ATM C,Bandung
3227,ATM D,Jakarta
3228,ATM A,Surabaya
3229,ATM C,Medan
3230,ATM B,Jakarta
3231,ATM B,Yogyakarta
3232,ATM B,Surabaya
3233,ATM A,Bandung
3234,ATM B,Medan
3235,ATM D,Yogyakarta
3236,ATM B,Medan
3237,ATM A,Surabaya
3238,ATM D,Medan
3239,ATM A,Jakarta
3240,ATM E,Surabaya
3241,ATM D,Surabaya
3242,ATM E,Medan
3243,ATM E,Bandung
3244,ATM A,Jakarta
3245,ATM B,Bandung
3246,ATM B,Surabaya
3247,ATM B,Jakarta
3248,ATM E,Surabaya
3249,ATM A,Bandung
3250,ATM C,Surabaya
3251,ATM A,Jakarta
3252,ATM E,Medan
3253,ATM E,Medan
3254,ATM C,Bandung
3255,ATM A,Surabaya
3256,ATM C,Bandung
3257,ATM A,Yogyakarta
3258,ATM E,Medan
3259,ATM A,Bandung
3260,ATM D,Bandung
3261,ATM C,Jakarta
3262,ATM B,Surabaya
3263,ATM A,Jakarta
3264,ATM C,Bandung
3265,ATM E,Medan
3266,ATM A,Yogyakarta
3267,ATM C,Jakarta
3268,ATM B,Jakarta
3269,ATM D,Medan
3270,ATM B,Jakarta
3271,ATM E,Bandung
3272,ATM A,Surabaya
3273,ATM D,Medan
3274,ATM D,Yogyakarta
3275,ATM B,Bandung
3276,ATM D,Yogyakarta
3277,ATM A,Bandung
3278,ATM C,Yogyakarta
3279,ATM E,Medan
3280,ATM D,Medan
3281,ATM A,Bandung
3282,ATM E,Jakarta
3283,ATM E,Yogyakarta
3284,ATM D,Medan
3285,ATM E,Bandung
3286,ATM A,Bandung
3287,ATM B,Yogyakarta
3288,ATM B,Yogyakarta
3289,ATM A,Jakarta
3290,ATM A,Surabaya
3291,ATM B,Surabaya
3292,ATM B,Bandung
3293,ATM E,Yogyakarta
3294,ATM E,Jakarta
3295,ATM D,Yogyakarta
3296,ATM D,Medan
3297,ATM B,Bandung
3298,ATM B,Surabaya
3299,ATM C,Jakarta
3300,ATM D,Medan
3301,ATM B,Surabaya
3302,ATM E,Bandung
3303,ATM A,Surabaya
3304,ATM C,Bandung
3305,ATM D,Surabaya
3306,ATM B,Yogyakarta
3307,ATM C,Surabaya
3308,ATM C,Bandung
3309,ATM B,Yogyakarta
3310,ATM E,Bandung
3311,ATM C,Surabaya
3312,ATM B,Bandung
3313,ATM A,Bandung
3314,ATM C,Jakarta
3315,ATM D,Surabaya
3316,ATM B,Jakarta
3317,ATM D,Jakarta
3318,ATM C,Medan
3319,ATM B,Bandung
3320,ATM E,Jakarta
3321,ATM A,Bandung
3322,ATM E,Jakarta
3323,ATM E,Bandung
3324,ATM A,Yogyakarta
3325,ATM B,Bandung
3326,ATM D,Jakarta
3327,ATM E,Jakarta
3328,ATM B,Yogyakarta
3329,ATM B,Bandung
3330,ATM C,Jakarta
3331,ATM B,Bandung
3332,ATM D,Medan
3333,ATM E,Jakarta
3334,ATM C,Medan
3335,ATM E,Jakarta
3336,ATM E,Medan
3337,ATM E,Surabaya
3338,ATM C,Yogyakarta
3339,ATM B,Bandung
3340,ATM B,Bandung
3341,ATM B,Bandung
3342,ATM C,Yogyakarta
3343,ATM D,Jakarta
3344,ATM B,Surabaya
3345,ATM E,Bandung
3346,ATM B,Surabaya
3347,ATM C,Jakarta
3348,ATM B,Medan
3349,ATM C,Bandung
3350,ATM E,Bandung
3351,ATM A,Jakarta
3352,ATM C,Medan
3353,ATM A,Jakarta
3354,ATM A,Medan
3355,ATM D,Yogyakarta
3356,ATM C,Medan
3357,ATM D,Medan
3358,ATM D,Yogyakarta
3359,ATM C,Medan
3360,ATM E,Jakarta
3361,ATM B,Jakarta
3362,ATM E,Yogyakarta
3363,ATM B,Surabaya
3364,ATM A,Surabaya
3365,ATM A,Yogyakarta
3366,ATM C,Medan
3367,ATM D,Yogyakarta
3368,ATM A,Bandung
3369,ATM D,Surabaya
3370,ATM E,Jakarta
3371,ATM E,Surabaya
3372,ATM B,Medan
3373,ATM E,Yogyakarta
3374,ATM B,Medan
3375,ATM E,Bandung
3376,ATM C,Jakarta
3377,ATM D,Surabaya
3378,ATM A,Medan
3379,ATM E,Yogyakarta
3380,ATM D,Medan
3381,ATM E,Bandung
3382,ATM D,Bandung
3383,ATM B,Jakarta
3384,ATM C,Bandung
3385,ATM E,Medan
3386,ATM B,Bandung
3387,ATM D,Bandung
3388,ATM B,Bandung
3389,ATM E,Yogyakarta
3390,ATM A,Bandung
3391,ATM B,Medan
3392,ATM B,Jakarta
3393,ATM E,Bandung
3394,ATM E,Yogyakarta
3395,ATM D,Jakarta
3396,ATM A,Jakarta
3397,ATM A,Medan
3398,ATM A,Medan
3399,ATM D,Medan
3400,ATM C,Yogyakarta
3401,ATM D,Yogyakarta
3402,ATM C,Medan
3403,ATM D,Bandung
3404,ATM A,Jakarta
3405,ATM D,Medan
3406,ATM D,Medan
3407,ATM C,Jakarta
3408,ATM C,Medan
3409,ATM E,Jakarta
3410,ATM C,Medan
3411,ATM E,Bandung
3412,ATM B,Jakarta
3413,ATM D,Surabaya
3414,ATM D,Medan
3415,ATM A,Jakarta
3416,ATM A,Yogyakarta
3417,ATM C,Bandung
3418,ATM C,Yogyakarta
3419,ATM D,Medan
3420,ATM D,Bandung
3421,ATM D,Jakarta
3422,ATM B,Jakarta
3423,ATM B,Bandung
3424,ATM B,Surabaya
3425,ATM A,Medan
3426,ATM A,Yogyakarta
3427,ATM A,Jakarta
3428,ATM D,Bandung
3429,ATM B,Jakarta
3430,ATM D,Surabaya
3431,ATM E,Surabaya
3432,ATM B,Surabaya
3433,ATM A,Surabaya
3434,ATM B,Bandung
3435,ATM C,Surabaya
3436,ATM B,Bandung
3437,ATM B,Medan
3438,ATM D,Bandung
3439,ATM E,Jakarta
3440,ATM A,Medan
3441,ATM E,Jakarta
3442,ATM C,Surabaya
3443,ATM D,Medan
3444,ATM D,Yogyakarta
3445,ATM D,Bandung
3446,ATM C,Medan
3447,ATM D,Medan
3448,ATM C,Medan
3449,ATM D,Yogyakarta
3450,ATM C,Medan
3451,ATM E,Surabaya
3452,ATM B,Surabaya
3453,ATM D,Surabaya
3454,ATM A,Jakarta
3455,ATM A,Jakarta
3456,ATM A,Yogyakarta
3457,ATM C,Bandung
3458,ATM A,Surabaya
3459,ATM E,Medan
3460,ATM D,Medan
3461,ATM E,Surabaya
3462,ATM D,Surabaya
3463,ATM D,Bandung
3464,ATM B,Jakarta
3465,ATM C,Medan
3466,ATM E,Bandung
3467,ATM D,Jakarta
3468,ATM A,Bandung
3469,ATM C,Yogyakarta
3470,ATM B,Bandung
3471,ATM E,Bandung
3472,ATM A,Surabaya
3473,ATM D,Bandung
3474,ATM B,Jakarta
3475,ATM D,Yogyakarta
3476,ATM A,Jakarta
3477,ATM A,Bandung
3478,ATM A,Bandung
3479,ATM B,Surabaya
3480,ATM B,Bandung
3481,ATM E,Bandung
3482,ATM C,Medan
3483,ATM E,Surabaya
3484,ATM A,Medan
3485,ATM C,Surabaya
3486,ATM B,Medan
3487,ATM E,Surabaya
3488,ATM B,Surabaya
3489,ATM C,Jakarta
3490,ATM D,Bandung
3491,ATM B,Yogyakarta
3492,ATM C,Bandung
3493,ATM B,Medan
3494,ATM A,Jakarta
3495,ATM E,Medan
3496,ATM A,Jakarta
3497,ATM E,Surabaya
3498,ATM D,Bandung
3499,ATM E,Medan
3500,ATM E,Bandung
3501,ATM C,Jakarta
3502,ATM C,Medan
3503,ATM A,Jakarta
3504,ATM B,Yogyakarta
3505,ATM E,Bandung
3506,ATM A,Bandung
3507,ATM E,Bandung
3508,ATM E,Yogyakarta
3509,ATM E,Yogyakarta
3510,ATM E,Jakarta
3511,ATM D,Surabaya
3512,ATM C,Bandung
3513,ATM C,Yogyakarta
3514,ATM B,Medan
3515,ATM D,Jakarta
3516,ATM A,Jakarta
3517,ATM A,Surabaya
3518,ATM C,Bandung
3519,ATM D,Jakarta
3520,ATM A,Surabaya
3521,ATM B,Yogyakarta
3522,ATM B,Yogyakarta
3523,ATM C,Surabaya
3524,ATM B,Medan
3525,ATM B,Yogyakarta
3526,ATM B,Yogyakarta
3527,ATM C,Bandung
3528,ATM D,Medan
3529,ATM A,Medan
3530,ATM E,Medan
3531,ATM E,Surabaya
3532,ATM B,Surabaya
3533,ATM C,Jakarta
3534,ATM A,Jakarta
3535,ATM E,Surabaya
3536,ATM A,Medan
3537,ATM D,Bandung
3538,ATM C,Yogyakarta
3539,ATM D,Surabaya
3540,ATM E,Yogyakarta
3541,ATM C,Jakarta
3542,ATM E,Surabaya
3543,ATM B,Bandung
3544,ATM B,Surabaya
3545,ATM E,Yogyakarta
3546,ATM B,Surabaya
3547,ATM C,Bandung
3548,ATM A,Surabaya
3549,ATM D,Yogyakarta
3550,ATM E,Surabaya
3551,ATM E,Bandung
3552,ATM D,Medan
3553,ATM D,Yogyakarta
3554,ATM A,Surabaya
3555,ATM A,Jakarta
3556,ATM A,Medan
3557,ATM C,Yogyakarta
3558,ATM A,Surabaya
3559,ATM E,Surabaya
3560,ATM A,Medan
3561,ATM D,Yogyakarta
3562,ATM C,Yogyakarta
3563,ATM C,Surabaya
3564,ATM A,Bandung
3565,ATM B,Bandung
3566,ATM A,Medan
3567,ATM E,Yogyakarta
3568,ATM D,Bandung
3569,ATM B,Bandung
3570,ATM E,Medan
3571,ATM C,Jakarta
3572,ATM A,Jakarta
3573,ATM C,Bandung
3574,ATM D,Surabaya
3575,ATM E,Surabaya
3576,ATM D,Jakarta
3577,ATM B,Yogyakarta
3578,ATM A,Medan
3579,ATM B,Medan
3580,ATM E,Surabaya
3581,ATM B,Medan
3582,ATM E,Yogyakarta
3583,ATM D,Jakarta
3584,ATM B,Bandung
3585,ATM A,Surabaya
3586,ATM D,Jakarta
3587,ATM E,Jakarta
3588,ATM E,Medan
3589,ATM A,Bandung
3590,ATM E,Bandung
3591,ATM E,Surabaya
3592,ATM E,Jakarta
3593,ATM E,Yogyakarta
3594,ATM D,Bandung
3595,ATM E,Medan
3596,ATM C,Medan
3597,ATM B,Medan
3598,ATM A,Surabaya
3599,ATM E,Jakarta
3600,ATM E,Surabaya
3601,ATM D,Yogyakarta
3602,ATM C,Yogyakarta
3603,ATM D,Bandung
3604,ATM D,Medan
3605,ATM A,Surabaya
3606,ATM A,Yogyakarta
3607,ATM A,Bandung
3608,ATM D,Yogyakarta
3609,ATM B,Medan
3610,ATM B,Yogyakarta
3611,ATM C,Yogyakarta
3612,ATM B,Yogyakarta
3613,ATM A,Bandung
3614,ATM D,Yogyakarta
3615,ATM A,Surabaya
3616,ATM B,Jakarta
3617,ATM D,Yogyakarta
3618,ATM C,Yogyakarta
3619,ATM C,Medan
3620,ATM D,Yogyakarta
3621,ATM B,Jakarta
3622,ATM B,Jakarta
3623,ATM B,Yogyakarta
3624,ATM D,Yogyakarta
3625,ATM D,Yogyakarta
3626,ATM A,Surabaya
3627,ATM A,Jakarta
3628,ATM A,Bandung
3629,ATM A,Yogyakarta
3630,ATM B,Medan
3631,ATM E,Bandung
3632,ATM C,Medan
3633,ATM C,Bandung
3634,ATM B,Surabaya
3635,ATM B,Surabaya
3636,ATM D,Yogyakarta
3637,ATM C,Surabaya
3638,ATM D,Yogyakarta
3639,ATM C,Jakarta
3640,ATM D,Yogyakarta
3641,ATM C,Bandung
3642,ATM E,Yogyakarta
3643,ATM A,Surabaya
3644,ATM D,Jakarta
3645,ATM C,Yogyakarta
3646,ATM B,Bandung
3647,ATM D,Medan
3648,ATM A,Yogyakarta
3649,ATM C,Surabaya
3650,ATM C,Bandung
3651,ATM D,Bandung
3652,ATM C,Jakarta
3653,ATM B,Jakarta
3654,ATM D,Jakarta
3655,ATM B,Bandung
3656,ATM E,Bandung
3657,ATM E,Bandung
3658,ATM B,Surabaya
3659,ATM C,Yogyakarta
3660,ATM B,Bandung
3661,ATM B,Jakarta
3662,ATM A,Yogyakarta
3663,ATM D,Jakarta
3664,ATM A,Yogyakarta
3665,ATM E,Medan
3666,ATM B,Bandung
3667,ATM D,Surabaya
3668,ATM C,Medan
3669,ATM A,Surabaya
3670,ATM C,Medan
3671,ATM E,Yogyakarta
3672,ATM E,Surabaya
3673,ATM C,Surabaya
3674,ATM E,Bandung
3675,ATM D,Yogyakarta
3676,ATM B,Bandung
3677,ATM A,Jakarta
3678,ATM A,Bandung
3679,ATM E,Jakarta
3680,ATM A,Medan
3681,ATM E,Yogyakarta
3682,ATM A,Yogyakarta
3683,ATM A,Surabaya
3684,ATM B,Surabaya
3685,ATM C,Medan
3686,ATM E,Jakarta
3687,ATM A,Jakarta
3688,ATM D,Surabaya
3689,ATM B,Surabaya
3690,ATM A,Medan
3691,ATM D,Medan
3692,ATM B,Surabaya
3693,ATM C,Bandung
3694,ATM D,Yogyakarta
3695,ATM C,Medan
3696,ATM A,Surabaya
3697,ATM A,Bandung
3698,ATM E,Yogyakarta
3699,ATM B,Surabaya
3700,ATM C,Medan
3701,ATM C,Jakarta
3702,ATM E,Medan
3703,ATM B,Medan
3704,ATM B,Bandung
3705,ATM B,Bandung
3706,ATM E,Jakarta
3707,ATM A,Surabaya
3708,ATM B,Yogyakarta
3709,ATM A,Medan
3710,ATM B,Bandung
3711,ATM A,Surabaya
3712,ATM E,Jakarta
3713,ATM D,Yogyakarta
3714,ATM E,Bandung
3715,ATM E,Medan
3716,ATM A,Medan
3717,ATM B,Bandung
3718,ATM E,Bandung
3719,ATM D,Bandung
3720,ATM B,Jakarta
3721,ATM E,Medan
3722,ATM E,Jakarta
3723,ATM B,Yogyakarta
3724,ATM B,Surabaya
3725,ATM D,Bandung
3726,ATM C,Surabaya
3727,ATM B,Surabaya
3728,ATM C,Bandung
3729,ATM B,Surabaya
3730,ATM E,Bandung
3731,ATM B,Yogyakarta
3732,ATM D,Yogyakarta
3733,ATM E,Surabaya
3734,ATM B,Jakarta
3735,ATM A,Bandung
3736,ATM A,Jakarta
3737,ATM B,Yogyakarta
3738,ATM A,Surabaya
3739,ATM D,Medan
3740,ATM B,Medan
3741,ATM B,Yogyakarta
3742,ATM A,Surabaya
3743,ATM B,Jakarta
3744,ATM D,Medan
3745,ATM E,Medan
3746,ATM C,Medan
3747,ATM B,Bandung
3748,ATM A,Surabaya
3749,ATM E,Medan
3750,ATM C,Medan
3751,ATM A,Yogyakarta
3752,ATM A,Jakarta
3753,ATM C,Bandung
3754,ATM E,Yogyakarta
3755,ATM B,Bandung
3756,ATM A,Jakarta
3757,ATM C,Surabaya
3758,ATM E,Yogyakarta
3759,ATM E,Jakarta
3760,ATM B,Surabaya
3761,ATM C,Jakarta
3762,ATM E,Medan
3763,ATM C,Yogyakarta
3764,ATM B,Surabaya
3765,ATM B,Yogyakarta
3766,ATM A,Yogyakarta
3767,ATM D,Bandung
3768,ATM C,Medan
3769,ATM B,Jakarta
3770,ATM D,Yogyakarta
3771,ATM A,Yogyakarta
3772,ATM D,Surabaya
3773,ATM D,Jakarta
3774,ATM C,Bandung
3775,ATM D,Bandung
3776,ATM E,Yogyakarta
3777,ATM E,Medan
3778,ATM A,Medan
3779,ATM E,Medan
3780,ATM D,Medan
3781,ATM C,Bandung
3782,ATM D,Yogyakarta
3783,ATM E,Medan
3784,ATM A,Surabaya
3785,ATM B,Yogyakarta
3786,ATM A,Bandung
3787,ATM C,Surabaya
3788,ATM E,Jakarta
3789,ATM B,Surabaya
3790,ATM C,Jakarta
3791,ATM C,Jakarta
3792,ATM D,Medan
3793,ATM B,Jakarta
3794,ATM D,Jakarta
3795,ATM B,Yogyakarta
3796,ATM D,Bandung
3797,ATM D,Yogyakarta
3798,ATM A,Bandung
3799,ATM C,Surabaya
3800,ATM B,Medan
3801,ATM B,Medan
3802,ATM A,Yogyakarta
3803,ATM A,Bandung
3804,ATM B,Jakarta
3805,ATM E,Jakarta
3806,ATM B,Surabaya
3807,ATM C,Jakarta
3808,ATM C,Medan
3809,ATM C,Bandung
3810,ATM A,Bandung
3811,ATM C,Medan
3812,ATM D,Yogyakarta
3813,ATM E,Jakarta
3814,ATM E,Medan
3815,ATM C,Surabaya
3816,ATM A,Medan
3817,ATM A,Yogyakarta
3818,ATM B,Medan
3819,ATM A,Yogyakarta
3820,ATM D,Surabaya
3821,ATM C,Medan
3822,ATM A,Yogyakarta
3823,ATM B,Bandung
3824,ATM C,Surabaya
3825,ATM C,Yogyakarta
3826,ATM B,Bandung
3827,ATM E,Jakarta
3828,ATM A,Yogyakarta
3829,ATM D,Medan
3830,ATM E,Surabaya
3831,ATM B,Jakarta
3832,ATM D,Surabaya
3833,ATM B,Surabaya
3834,ATM A,Medan
3835,ATM E,Medan
3836,ATM D,Jakarta
3837,ATM D,Surabaya
3838,ATM C,Yogyakarta
3839,ATM D,Surabaya
3840,ATM D,Surabaya
3841,ATM A,Medan
3842,ATM B,Bandung
3843,ATM B,Surabaya
3844,ATM B,Jakarta
3845,ATM B,Bandung
3846,ATM B,Jakarta
3847,ATM E,Medan
3848,ATM A,Yogyakarta
3849,ATM D,Yogyakarta
3850,ATM A,Surabaya
3851,ATM C,Bandung
3852,ATM E,Medan
3853,ATM D,Yogyakarta
3854,ATM B,Medan
3855,ATM C,Medan
3856,ATM D,Bandung
3857,ATM C,Yogyakarta
3858,ATM D,Yogyakarta
3859,ATM D,Jakarta
3860,ATM E,Yogyakarta
3861,ATM B,Surabaya
3862,ATM E,Medan
3863,ATM B,Surabaya
3864,ATM A,Medan
3865,ATM D,Medan
3866,ATM D,Yogyakarta
3867,ATM C,Jakarta
3868,ATM C,Medan
3869,ATM A,Surabaya
3870,ATM A,Medan
3871,ATM E,Medan
3872,ATM B,Yogyakarta
3873,ATM B,Yogyakarta
3874,ATM D,Surabaya
3875,ATM E,Bandung
3876,ATM E,Jakarta
3877,ATM A,Bandung
3878,ATM E,Yogyakarta
3879,ATM A,Surabaya
3880,ATM A,Jakarta
3881,ATM C,Surabaya
3882,ATM B,Medan
3883,ATM D,Medan
3884,ATM D,Yogyakarta
3885,ATM E,Bandung
3886,ATM A,Medan
3887,ATM A,Bandung
3888,ATM A,Bandung
3889,ATM B,Yogyakarta
3890,ATM C,Medan
3891,ATM A,Bandung
3892,ATM B,Jakarta
3893,ATM E,Jakarta
3894,ATM D,Bandung
3895,ATM B,Yogyakarta
3896,ATM B,Medan
3897,ATM E,Medan
3898,ATM E,Medan
3899,ATM B,Medan
3900,ATM D,Yogyakarta
3901,ATM E,Jakarta
3902,ATM B,Medan
3903,ATM C,Yogyakarta
3904,ATM B,Surabaya
3905,ATM C,Bandung
3906,ATM B,Surabaya
3907,ATM D,Bandung
3908,ATM A,Jakarta
3909,ATM D,Surabaya
3910,ATM E,Jakarta
3911,ATM B,Jakarta
3912,ATM C,Jakarta
3913,ATM B,Bandung
3914,ATM A,Medan
3915,ATM C,Yogyakarta
3916,ATM A,Yogyakarta
3917,ATM A,Yogyakarta
3918,ATM B,Jakarta
3919,ATM D,Jakarta
3920,ATM B,Medan
3921,ATM A,Jakarta
3922,ATM C,Surabaya
3923,ATM C,Medan
3924,ATM E,Yogyakarta
3925,ATM B,Bandung
3926,ATM E,Bandung
3927,ATM E,Bandung
3928,ATM D,Surabaya
3929,ATM E,Surabaya
3930,ATM D,Yogyakarta
3931,ATM A,Bandung
3932,ATM B,Medan
3933,ATM A,Yogyakarta
3934,ATM C,Bandung
3935,ATM C,Surabaya
3936,ATM C,Surabaya
3937,ATM A,Medan
3938,ATM B,Jakarta
3939,ATM E,Yogyakarta
3940,ATM A,Yogyakarta
3941,ATM D,Jakarta
3942,ATM B,Yogyakarta
3943,ATM B,Medan
3944,ATM E,Jakarta
3945,ATM D,Jakarta
3946,ATM D,Jakarta
3947,ATM A,Surabaya
3948,ATM C,Medan
3949,ATM A,Jakarta
3950,ATM B,Surabaya
3951,ATM B,Medan
3952,ATM D,Medan
3953,ATM E,Surabaya
3954,ATM C,Medan
3955,ATM B,Medan
3956,ATM D,Jakarta
3957,ATM A,Jakarta
3958,ATM A,Surabaya
3959,ATM C,Bandung
3960,ATM C,Bandung
3961,ATM A,Yogyakarta
3962,ATM D,Yogyakarta
3963,ATM A,Surabaya
3964,ATM B,Yogyakarta
3965,ATM D,Surabaya
3966,ATM E,Surabaya
3967,ATM E,Bandung
3968,ATM B,Jakarta
3969,ATM B,Medan
3970,ATM E,Jakarta
3971,ATM C,Yogyakarta
3972,ATM C,Yogyakarta
3973,ATM E,Medan
3974,ATM B,Jakarta
3975,ATM C,Bandung
3976,ATM B,Bandung
3977,ATM D,Medan
3978,ATM E,Bandung
3979,ATM D,Bandung
3980,ATM A,Surabaya
3981,ATM A,Yogyakarta
3982,ATM A,Yogyakarta
3983,ATM A,Medan
3984,ATM B,Surabaya
3985,ATM E,Medan
3986,ATM D,Medan
3987,ATM E,Bandung
3988,ATM B,Jakarta
3989,ATM B,Yogyakarta
3990,ATM E,Surabaya
3991,ATM E,Medan
3992,ATM A,Medan
3993,ATM E,Medan
3994,ATM E,Jakarta
3995,ATM E,Medan
3996,ATM A,Jakarta
3997,ATM E,Jakarta
3998,ATM C,Jakarta
3999,ATM A,Yogyakarta
4000,ATM D,Yogyakarta
4001,ATM C,Jakarta
4002,ATM B,Bandung
4003,ATM A,Medan
4004,ATM B,Jakarta
4005,ATM A,Jakarta
4006,ATM A,Jakarta
4007,ATM B,Surabaya
4008,ATM C,Medan
4009,ATM D,Bandung
4010,ATM B,Jakarta
4011,ATM C,Yogyakarta
4012,ATM E,Surabaya
4013,ATM D,Bandung
4014,ATM D,Surabaya
4015,ATM B,Medan
4016,ATM A,Yogyakarta
4017,ATM E,Bandung
4018,ATM B,Medan
4019,ATM D,Surabaya
4020,ATM C,Bandung
4021,ATM B,Bandung
4022,ATM A,Medan
4023,ATM D,Jakarta
4024,ATM B,Jakarta
4025,ATM B,Yogyakarta
4026,ATM C,Medan
4027,ATM C,Surabaya
4028,ATM C,Yogyakarta
4029,ATM A,Bandung
4030,ATM B,Medan
4031,ATM E,Yogyakarta
4032,ATM A,Surabaya
4033,ATM E,Jakarta
4034,ATM B,Yogyakarta
4035,ATM D,Jakarta
4036,ATM B,Medan
4037,ATM E,Yogyakarta
4038,ATM B,Jakarta
4039,ATM C,Jakarta
4040,ATM E,Bandung
4041,ATM A,Yogyakarta
4042,ATM B,Jakarta
4043,ATM C,Yogyakarta
4044,ATM B,Surabaya
4045,ATM D,Medan
4046,ATM E,Bandung
4047,ATM D,Medan
4048,ATM D,Yogyakarta
4049,ATM B,Medan
4050,ATM A,Surabaya
4051,ATM A,Jakarta
4052,ATM E,Jakarta
4053,ATM B,Surabaya
4054,ATM C,Surabaya
4055,ATM D,Jakarta
4056,ATM A,Jakarta
4057,ATM B,Surabaya
4058,ATM C,Yogyakarta
4059,ATM B,Jakarta
4060,ATM D,Bandung
4061,ATM A,Surabaya
4062,ATM A,Surabaya
4063,ATM A,Medan
4064,ATM C,Jakarta
4065,ATM B,Medan
4066,ATM C,Jakarta
4067,ATM B,Bandung
4068,ATM C,Medan
4069,ATM E,Yogyakarta
4070,ATM E,Yogyakarta
4071,ATM E,Yogyakarta
4072,ATM A,Surabaya
4073,ATM E,Medan
4074,ATM A,Surabaya
4075,ATM D,Medan
4076,ATM A,Surabaya
4077,ATM B,Medan
4078,ATM D,Surabaya
4079,ATM E,Surabaya
4080,ATM E,Bandung
4081,ATM C,Surabaya
4082,ATM B,Bandung
4083,ATM C,Bandung
4084,ATM C,Bandung
4085,ATM E,Surabaya
4086,ATM B,Surabaya
4087,ATM D,Surabaya
4088,ATM C,Jakarta
4089,ATM D,Medan
4090,ATM E,Medan
4091,ATM A,Jakarta
4092,ATM A,Surabaya
4093,ATM D,Jakarta
4094,ATM B,Jakarta
4095,ATM E,Medan
4096,ATM A,Medan
4097,ATM C,Jakarta
4098,ATM A,Bandung
4099,ATM C,Yogyakarta
4100,ATM A,Yogyakarta
4101,ATM C,Yogyakarta
4102,ATM B,Surabaya
4103,ATM A,Surabaya
4104,ATM C,Medan
4105,ATM D,Bandung
4106,ATM E,Jakarta
4107,ATM A,Bandung
4108,ATM A,Yogyakarta
4109,ATM D,Bandung
4110,ATM B,Jakarta
4111,ATM E,Surabaya
4112,ATM C,Yogyakarta
4113,ATM A,Bandung
4114,ATM D,Jakarta
4115,ATM B,Bandung
4116,ATM A,Surabaya
4117,ATM A,Jakarta
4118,ATM B,Medan
4119,ATM B,Bandung
4120,ATM D,Bandung
4121,ATM C,Jakarta
4122,ATM D,Jakarta
4123,ATM E,Yogyakarta
4124,ATM C,Bandung
4125,ATM E,Bandung
4126,ATM E,Yogyakarta
4127,ATM D,Jakarta
4128,ATM A,Medan
4129,ATM D,Bandung
4130,ATM B,Jakarta
4131,ATM C,Surabaya
4132,ATM E,Surabaya
4133,ATM D,Jakarta
4134,ATM E,Medan
4135,ATM E,Medan
4136,ATM E,Yogyakarta
4137,ATM A,Jakarta
4138,ATM A,Surabaya
4139,ATM B,Yogyakarta
4140,ATM A,Bandung
4141,ATM A,Jakarta
4142,ATM D,Yogyakarta
4143,ATM E,Bandung
4144,ATM C,Bandung
4145,ATM B,Bandung
4146,ATM D,Surabaya
4147,ATM A,Jakarta
4148,ATM C,Medan
4149,ATM B,Medan
4150,ATM B,Bandung
4151,ATM A,Bandung
4152,ATM D,Surabaya
4153,ATM E,Surabaya
4154,ATM B,Medan
4155,ATM A,Surabaya
4156,ATM E,Surabaya
4157,ATM D,Surabaya
4158,ATM D,Bandung
4159,ATM C,Yogyakarta
4160,ATM B,Jakarta
4161,ATM A,Bandung
4162,ATM D,Yogyakarta
4163,ATM B,Surabaya
4164,ATM C,Yogyakarta
4165,ATM E,Yogyakarta
4166,ATM B,Surabaya
4167,ATM E,Medan
4168,ATM B,Bandung
4169,ATM B,Medan
4170,ATM D,Bandung
4171,ATM E,Medan
4172,ATM A,Yogyakarta
4173,ATM E,Medan
4174,ATM E,Medan
4175,ATM C,Surabaya
4176,ATM C,Surabaya
4177,ATM D,Yogyakarta
4178,ATM E,Surabaya
4179,ATM B,Surabaya
4180,ATM C,Surabaya
4181,ATM E,Surabaya
4182,ATM D,Yogyakarta
4183,ATM E,Medan
4184,ATM C,Medan
4185,ATM A,Medan
4186,ATM C,Jakarta
4187,ATM B,Bandung
4188,ATM D,Yogyakarta
4189,ATM C,Yogyakarta
4190,ATM D,Bandung
4191,ATM C,Surabaya
4192,ATM C,Medan
4193,ATM B,Bandung
4194,ATM D,Yogyakarta
4195,ATM B,Yogyakarta
4196,ATM A,Yogyakarta
4197,ATM B,Medan
4198,ATM E,Surabaya
4199,ATM D,Surabaya
4200,ATM B,Jakarta
4201,ATM D,Medan
4202,ATM C,Jakarta
4203,ATM B,Jakarta
4204,ATM B,Medan
4205,ATM B,Bandung
4206,ATM C,Surabaya
4207,ATM B,Medan
4208,ATM D,Jakarta
4209,ATM D,Jakarta
4210,ATM E,Medan
4211,ATM A,Bandung
4212,ATM E,Surabaya
4213,ATM D,Bandung
4214,ATM E,Medan
4215,ATM B,Jakarta
4216,ATM E,Yogyakarta
4217,ATM A,Bandung
4218,ATM A,Jakarta
4219,ATM B,Jakarta
4220,ATM E,Jakarta
4221,ATM A,Medan
4222,ATM A,Jakarta
4223,ATM A,Bandung
4224,ATM C,Medan
4225,ATM B,Bandung
4226,ATM E,Yogyakarta
4227,ATM B,Medan
4228,ATM D,Bandung
4229,ATM B,Bandung
4230,ATM C,Surabaya
4231,ATM C,Surabaya
4232,ATM D,Surabaya
4233,ATM A,Bandung
4234,ATM E,Surabaya
4235,ATM D,Yogyakarta
4236,ATM D,Jakarta
4237,ATM B,Yogyakarta
4238,ATM B,Yogyakarta
4239,ATM C,Jakarta
4240,ATM B,Jakarta
4241,ATM B,Surabaya
4242,ATM B,Bandung
4243,ATM C,Medan
4244,ATM B,Bandung
4245,ATM E,Surabaya
4246,ATM D,Jakarta
4247,ATM B,Medan
4248,ATM A,Bandung
4249,ATM E,Medan
4250,ATM D,Jakarta
4251,ATM A,Jakarta
4252,ATM A,Bandung
4253,ATM E,Jakarta
4254,ATM E,Surabaya
4255,ATM A,Jakarta
4256,ATM D,Medan
4257,ATM C,Surabaya
4258,ATM B,Yogyakarta
4259,ATM B,Yogyakarta
4260,ATM A,Bandung
4261,ATM E,Surabaya
4262,ATM B,Yogyakarta
4263,ATM E,Jakarta
4264,ATM C,Yogyakarta
4265,ATM D,Jakarta
4266,ATM B,Bandung
4267,ATM D,Medan
4268,ATM D,Medan
4269,ATM E,Surabaya
4270,ATM C,Yogyakarta
4271,ATM D,Surabaya
4272,ATM E,Surabaya
4273,ATM C,Surabaya
4274,ATM E,Bandung
4275,ATM A,Surabaya
4276,ATM E,Yogyakarta
4277,ATM B,Surabaya
4278,ATM D,Surabaya
4279,ATM C,Bandung
4280,ATM D,Surabaya
4281,ATM A,Bandung
4282,ATM A,Medan
4283,ATM B,Surabaya
4284,ATM A,Yogyakarta
4285,ATM E,Surabaya
4286,ATM C,Bandung
4287,ATM E,Surabaya
4288,ATM D,Bandung
4289,ATM D,Jakarta
4290,ATM D,Medan
4291,ATM C,Surabaya
4292,ATM C,Jakarta
4293,ATM A,Medan
4294,ATM C,Surabaya
4295,ATM B,Yogyakarta
4296,ATM E,Bandung
4297,ATM D,Medan
4298,ATM A,Jakarta
4299,ATM E,Jakarta
4300,ATM C,Jakarta
4301,ATM B,Surabaya
4302,ATM A,Jakarta
4303,ATM A,Surabaya
4304,ATM C,Surabaya
4305,ATM D,Bandung
4306,ATM A,Jakarta
4307,ATM D,Yogyakarta
4308,ATM D,Jakarta
4309,ATM D,Surabaya
4310,ATM B,Bandung
4311,ATM B,Yogyakarta
4312,ATM E,Medan
4313,ATM C,Jakarta
4314,ATM D,Bandung
4315,ATM B,Bandung
4316,ATM E,Surabaya
4317,ATM E,Yogyakarta
4318,ATM E,Yogyakarta
4319,ATM D,Jakarta
4320,ATM D,Jakarta
4321,ATM D,Medan
4322,ATM D,Surabaya
4323,ATM B,Surabaya
4324,ATM E,Surabaya
4325,ATM E,Bandung
4326,ATM B,Surabaya
4327,ATM C,Yogyakarta
4328,ATM B,Surabaya
4329,ATM B,Bandung
4330,ATM D,Bandung
4331,ATM D,Bandung
4332,ATM B,Yogyakarta
4333,ATM A,Bandung
4334,ATM B,Jakarta
4335,ATM E,Jakarta
4336,ATM E,Yogyakarta
4337,ATM C,Yogyakarta
4338,ATM D,Yogyakarta
4339,ATM E,Medan
4340,ATM A,Medan
4341,ATM A,Jakarta
4342,ATM A,Medan
4343,ATM E,Jakarta
4344,ATM B,Medan
4345,ATM D,Yogyakarta
4346,ATM C,Jakarta
4347,ATM A,Yogyakarta
4348,ATM E,Jakarta
4349,ATM D,Bandung
4350,ATM E,Surabaya
4351,ATM D,Medan
4352,ATM C,Surabaya
4353,ATM B,Bandung
4354,ATM B,Bandung
4355,ATM B,Medan
4356,ATM A,Jakarta
4357,ATM C,Jakarta
4358,ATM D,Medan
4359,ATM A,Yogyakarta
4360,ATM D,Jakarta
4361,ATM D,Yogyakarta
4362,ATM A,Jakarta
4363,ATM D,Yogyakarta
4364,ATM E,Surabaya
4365,ATM E,Yogyakarta
4366,ATM D,Yogyakarta
4367,ATM D,Bandung
4368,ATM A,Bandung
4369,ATM A,Medan
4370,ATM A,Bandung
4371,ATM A,Surabaya
4372,ATM D,Medan
4373,ATM B,Jakarta
4374,ATM D,Bandung
4375,ATM D,Jakarta
4376,ATM A,Jakarta
4377,ATM D,Bandung
4378,ATM C,Surabaya
4379,ATM E,Jakarta
4380,ATM A,Yogyakarta
4381,ATM E,Bandung
4382,ATM A,Medan
4383,ATM D,Medan
4384,ATM D,Yogyakarta
4385,ATM E,Surabaya
4386,ATM D,Bandung
4387,ATM B,Jakarta
4388,ATM D,Surabaya
4389,ATM C,Surabaya
4390,ATM C,Medan
4391,ATM A,Surabaya
4392,ATM E,Bandung
4393,ATM A,Yogyakarta
4394,ATM C,Medan
4395,ATM D,Surabaya
4396,ATM C,Medan
4397,ATM A,Medan
4398,ATM B,Bandung
4399,ATM E,Bandung
4400,ATM A,Medan
4401,ATM C,Yogyakarta
4402,ATM A,Bandung
4403,ATM E,Bandung
4404,ATM B,Surabaya
4405,ATM A,Jakarta
4406,ATM A,Medan
4407,ATM A,Medan
4408,ATM D,Yogyakarta
4409,ATM A,Surabaya
4410,ATM D,Surabaya
4411,ATM C,Yogyakarta
4412,ATM D,Medan
4413,ATM D,Yogyakarta
4414,ATM B,Bandung
4415,ATM D,Bandung
4416,ATM D,Surabaya
4417,ATM D,Yogyakarta
4418,ATM D,Surabaya
4419,ATM B,Medan
4420,ATM C,Yogyakarta
4421,ATM A,Surabaya
4422,ATM E,Surabaya
4423,ATM E,Bandung
4424,ATM B,Yogyakarta
4425,ATM B,Medan
4426,ATM A,Bandung
4427,ATM A,Jakarta
4428,ATM A,Jakarta
4429,ATM B,Bandung
4430,ATM E,Medan
4431,ATM A,Jakarta
4432,ATM D,Yogyakarta
4433,ATM C,Medan
4434,ATM B,Jakarta
4435,ATM E,Medan
4436,ATM C,Yogyakarta
4437,ATM B,Yogyakarta
4438,ATM E,Yogyakarta
4439,ATM D,Yogyakarta
4440,ATM E,Bandung
4441,ATM A,Surabaya
4442,ATM E,Medan
4443,ATM A,Bandung
4444,ATM E,Medan
4445,ATM B,Bandung
4446,ATM D,Yogyakarta
4447,ATM E,Yogyakarta
4448,ATM D,Jakarta
4449,ATM C,Bandung
4450,ATM E,Bandung
4451,ATM B,Bandung
4452,ATM C,Jakarta
4453,ATM A,Surabaya
4454,ATM A,Medan
4455,ATM B,Medan
4456,ATM E,Bandung
4457,ATM D,Yogyakarta
4458,ATM E,Medan
4459,ATM D,Yogyakarta
4460,ATM D,Jakarta
4461,ATM D,Surabaya
4462,ATM E,Bandung
4463,ATM B,Yogyakarta
4464,ATM E,Surabaya
4465,ATM E,Medan
4466,ATM B,Bandung
4467,ATM C,Medan
4468,ATM A,Bandung
4469,ATM E,Bandung
4470,ATM A,Yogyakarta
4471,ATM E,Yogyakarta
4472,ATM B,Jakarta
4473,ATM A,Jakarta
4474,ATM E,Surabaya
4475,ATM A,Surabaya
4476,ATM C,Jakarta
4477,ATM D,Jakarta
4478,ATM A,Bandung
4479,ATM B,Jakarta
4480,ATM D,Medan
4481,ATM C,Jakarta
4482,ATM B,Bandung
4483,ATM D,Surabaya
4484,ATM D,Medan
4485,ATM B,Bandung
4486,ATM E,Bandung
4487,ATM D,Jakarta
4488,ATM B,Bandung
4489,ATM E,Medan
4490,ATM D,Bandung
4491,ATM D,Yogyakarta
4492,ATM C,Bandung
4493,ATM E,Bandung
4494,ATM C,Surabaya
4495,ATM C,Medan
4496,ATM A,Surabaya
4497,ATM B,Jakarta
4498,ATM B,Yogyakarta
4499,ATM A,Yogyakarta
4500,ATM C,Medan
4501,ATM E,Yogyakarta
4502,ATM B,Jakarta
4503,ATM A,Yogyakarta
4504,ATM C,Bandung
4505,ATM A,Jakarta
4506,ATM A,Bandung
4507,ATM C,Yogyakarta
4508,ATM E,Surabaya
4509,ATM D,Bandung
4510,ATM C,Surabaya
4511,ATM D,Yogyakarta
4512,ATM D,Yogyakarta
4513,ATM B,Medan
4514,ATM A,Bandung
4515,ATM D,Surabaya
4516,ATM D,Jakarta
4517,ATM A,Surabaya
4518,ATM E,Medan
4519,ATM C,Surabaya
4520,ATM A,Jakarta
4521,ATM B,Surabaya
4522,ATM C,Medan
4523,ATM B,Bandung
4524,ATM A,Bandung
4525,ATM B,Surabaya
4526,ATM E,Yogyakarta
4527,ATM E,Surabaya
4528,ATM D,Surabaya
4529,ATM D,Yogyakarta
4530,ATM D,Surabaya
4531,ATM C,Jakarta
4532,ATM E,Bandung
4533,ATM B,Jakarta
4534,ATM A,Surabaya
4535,ATM A,Medan
4536,ATM D,Bandung
4537,ATM B,Jakarta
4538,ATM D,Jakarta
4539,ATM A,Surabaya
4540,ATM C,Jakarta
4541,ATM E,Surabaya
4542,ATM D,Jakarta
4543,ATM C,Bandung
4544,ATM C,Yogyakarta
4545,ATM B,Yogyakarta
4546,ATM D,Yogyakarta
4547,ATM E,Medan
4548,ATM B,Jakarta
4549,ATM B,Yogyakarta
4550,ATM C,Yogyakarta
4551,ATM D,Yogyakarta
4552,ATM D,Jakarta
4553,ATM E,Yogyakarta
4554,ATM B,Yogyakarta
4555,ATM A,Yogyakarta
4556,ATM D,Yogyakarta
4557,ATM A,Surabaya
4558,ATM A,Bandung
4559,ATM B,Jakarta
4560,ATM C,Medan
4561,ATM C,Jakarta
4562,ATM D,Jakarta
4563,ATM E,Bandung
4564,ATM C,Surabaya
4565,ATM A,Medan
4566,ATM A,Yogyakarta
4567,ATM C,Yogyakarta
4568,ATM C,Jakarta
4569,ATM B,Yogyakarta
4570,ATM D,Jakarta
4571,ATM A,Bandung
4572,ATM C,Bandung
4573,ATM C,Medan
4574,ATM C,Bandung
4575,ATM B,Surabaya
4576,ATM A,Yogyakarta
4577,ATM E,Jakarta
4578,ATM E,Bandung
4579,ATM C,Jakarta
4580,ATM D,Yogyakarta
4581,ATM C,Surabaya
4582,ATM E,Surabaya
4583,ATM D,Jakarta
4584,ATM B,Bandung
4585,ATM C,Jakarta
4586,ATM D,Jakarta
4587,ATM E,Bandung
4588,ATM A,Yogyakarta
4589,ATM B,Medan
4590,ATM B,Medan
4591,ATM E,Medan
4592,ATM D,Bandung
4593,ATM E,Bandung
4594,ATM E,Bandung
4595,ATM C,Yogyakarta
4596,ATM E,Jakarta
4597,ATM A,Surabaya
4598,ATM A,Surabaya
4599,ATM B,Surabaya
4600,ATM D,Medan
4601,ATM D,Bandung
4602,ATM A,Jakarta
4603,ATM A,Medan
4604,ATM A,Yogyakarta
4605,ATM D,Medan
4606,ATM E,Bandung
4607,ATM D,Jakarta
4608,ATM B,Bandung
4609,ATM C,Yogyakarta
4610,ATM E,Surabaya
4611,ATM B,Surabaya
4612,ATM C,Bandung
4613,ATM C,Medan
4614,ATM A,Yogyakarta
4615,ATM A,Yogyakarta
4616,ATM D,Surabaya
4617,ATM E,Jakarta
4618,ATM A,Jakarta
4619,ATM E,Yogyakarta
4620,ATM A,Yogyakarta
4621,ATM E,Yogyakarta
4622,ATM C,Bandung
4623,ATM A,Bandung
4624,ATM D,Surabaya
4625,ATM C,Bandung
4626,ATM D,Medan
4627,ATM A,Yogyakarta
4628,ATM B,Medan
4629,ATM B,Medan
4630,ATM A,Yogyakarta
4631,ATM A,Bandung
4632,ATM A,Medan
4633,ATM D,Jakarta
4634,ATM B,Bandung
4635,ATM D,Bandung
4636,ATM C,Surabaya
4637,ATM A,Jakarta
4638,ATM B,Jakarta
4639,ATM A,Jakarta
4640,ATM A,Surabaya
4641,ATM C,Bandung
4642,ATM A,Surabaya
4643,ATM B,Medan
4644,ATM B,Jakarta
4645,ATM B,Jakarta
4646,ATM C,Jakarta
4647,ATM B,Jakarta
4648,ATM D,Yogyakarta
4649,ATM E,Yogyakarta
4650,ATM A,Bandung
4651,ATM B,Medan
4652,ATM A,Yogyakarta
4653,ATM E,Bandung
4654,ATM D,Bandung
4655,ATM D,Surabaya
4656,ATM D,Medan
4657,ATM D,Medan
4658,ATM E,Bandung
4659,ATM B,Surabaya
4660,ATM E,Jakarta
4661,ATM C,Yogyakarta
4662,ATM E,Jakarta
4663,ATM C,Bandung
4664,ATM C,Yogyakarta
4665,ATM E,Yogyakarta
4666,ATM D,Bandung
4667,ATM A,Yogyakarta
4668,ATM A,Surabaya
4669,ATM A,Surabaya
4670,ATM A,Surabaya
4671,ATM E,Jakarta
4672,ATM A,Surabaya
4673,ATM A,Bandung
4674,ATM B,Medan
4675,ATM D,Surabaya
4676,ATM A,Surabaya
4677,ATM C,Yogyakarta
4678,ATM C,Medan
4679,ATM E,Surabaya
4680,ATM C,Yogyakarta
4681,ATM D,Surabaya
4682,ATM A,Jakarta
4683,ATM D,Bandung
4684,ATM C,Yogyakarta
4685,ATM A,Surabaya
4686,ATM A,Surabaya
4687,ATM C,Medan
4688,ATM C,Surabaya
4689,ATM E,Bandung
4690,ATM E,Surabaya
4691,ATM C,Medan
4692,ATM C,Yogyakarta
4693,ATM D,Surabaya
4694,ATM A,Surabaya
4695,ATM E,Jakarta
4696,ATM D,Bandung
4697,ATM E,Medan
4698,ATM A,Jakarta
4699,ATM E,Jakarta
4700,ATM B,Surabaya
4701,ATM D,Yogyakarta
4702,ATM C,Yogyakarta
4703,ATM A,Jakarta
4704,ATM E,Jakarta
4705,ATM A,Surabaya
4706,ATM E,Bandung
4707,ATM E,Bandung
4708,ATM A,Jakarta
4709,ATM D,Bandung
4710,ATM E,Jakarta
4711,ATM B,Medan
4712,ATM E,Jakarta
4713,ATM C,Jakarta
4714,ATM C,Jakarta
4715,ATM D,Medan
4716,ATM E,Jakarta
4717,ATM E,Medan
4718,ATM C,Jakarta
4719,ATM A,Bandung
4720,ATM E,Yogyakarta
4721,ATM B,Medan
4722,ATM C,Bandung
4723,ATM D,Surabaya
4724,ATM E,Yogyakarta
4725,ATM C,Bandung
4726,ATM B,Jakarta
4727,ATM B,Medan
4728,ATM C,Medan
4729,ATM B,Bandung
4730,ATM B,Surabaya
4731,ATM A,Bandung
4732,ATM D,Yogyakarta
4733,ATM E,Medan
4734,ATM E,Medan
4735,ATM B,Jakarta
4736,ATM D,Jakarta
4737,ATM A,Medan
4738,ATM E,Jakarta
4739,ATM E,Medan
4740,ATM D,Medan
4741,ATM A,Medan
4742,ATM A,Surabaya
4743,ATM B,Jakarta
4744,ATM B,Medan
4745,ATM D,Bandung
4746,ATM D,Surabaya
4747,ATM C,Medan
4748,ATM A,Yogyakarta
4749,ATM E,Bandung
4750,ATM A,Medan
4751,ATM E,Bandung
4752,ATM B,Jakarta
4753,ATM A,Jakarta
4754,ATM B,Yogyakarta
4755,ATM C,Surabaya
4756,ATM B,Yogyakarta
4757,ATM E,Surabaya
4758,ATM D,Jakarta
4759,ATM B,Medan
4760,ATM E,Medan
4761,ATM A,Jakarta
4762,ATM A,Yogyakarta
4763,ATM E,Surabaya
4764,ATM C,Yogyakarta
4765,ATM D,Yogyakarta
4766,ATM E,Surabaya
4767,ATM D,Yogyakarta
4768,ATM E,Yogyakarta
4769,ATM A,Bandung
4770,ATM D,Medan
4771,ATM C,Yogyakarta
4772,ATM E,Jakarta
4773,ATM D,Yogyakarta
4774,ATM C,Surabaya
4775,ATM B,Jakarta
4776,ATM C,Yogyakarta
4777,ATM A,Yogyakarta
4778,ATM C,Jakarta
4779,ATM C,Yogyakarta
4780,ATM B,Medan
4781,ATM A,Jakarta
4782,ATM B,Medan
4783,ATM D,Medan
4784,ATM C,Jakarta
4785,ATM B,Bandung
4786,ATM D,Bandung
4787,ATM C,Bandung
4788,ATM A,Jakarta
4789,ATM A,Surabaya
4790,ATM C,Medan
4791,ATM B,Medan
4792,ATM D,Surabaya
4793,ATM B,Surabaya
4794,ATM B,Yogyakarta
4795,ATM A,Surabaya
4796,ATM A,Bandung
4797,ATM B,Yogyakarta
4798,ATM B,Bandung
4799,ATM E,Yogyakarta
4800,ATM A,Bandung
4801,ATM B,Bandung
4802,ATM B,Jakarta
4803,ATM D,Jakarta
4804,ATM C,Surabaya
4805,ATM B,Yogyakarta
4806,ATM D,Medan
4807,ATM E,Jakarta
4808,ATM C,Yogyakarta
4809,ATM A,Bandung
4810,ATM B,Jakarta
4811,ATM C,Surabaya
4812,ATM E,Jakarta
4813,ATM A,Bandung
4814,ATM E,Yogyakarta
4815,ATM B,Bandung
4816,ATM C,Bandung
4817,ATM D,Bandung
4818,ATM D,Bandung
4819,ATM A,Surabaya
4820,ATM C,Jakarta
4821,ATM A,Yogyakarta
4822,ATM B,Medan
4823,ATM C,Jakarta
4824,ATM B,Yogyakarta
4825,ATM A,Medan
4826,ATM A,Surabaya
4827,ATM C,Jakarta
4828,ATM B,Jakarta
4829,ATM D,Surabaya
4830,ATM E,Jakarta
4831,ATM A,Jakarta
4832,ATM A,Jakarta
4833,ATM A,Jakarta
4834,ATM D,Medan
4835,ATM B,Yogyakarta
4836,ATM A,Medan
4837,ATM B,Jakarta
4838,ATM D,Bandung
4839,ATM C,Jakarta
4840,ATM D,Yogyakarta
4841,ATM E,Bandung
4842,ATM B,Surabaya
4843,ATM B,Bandung
4844,ATM B,Surabaya
4845,ATM A,Medan
4846,ATM E,Yogyakarta
4847,ATM E,Surabaya
4848,ATM A,Surabaya
4849,ATM A,Yogyakarta
4850,ATM B,Bandung
4851,ATM C,Medan
4852,ATM D,Bandung
4853,ATM E,Yogyakarta
4854,ATM E,Surabaya
4855,ATM E,Medan
4856,ATM C,Bandung
4857,ATM D,Surabaya
4858,ATM B,Surabaya
4859,ATM B,Jakarta
4860,ATM E,Medan
4861,ATM A,Medan
4862,ATM C,Yogyakarta
4863,ATM C,Jakarta
4864,ATM D,Jakarta
4865,ATM C,Yogyakarta
4866,ATM E,Medan
4867,ATM A,Bandung
4868,ATM E,Jakarta
4869,ATM D,Surabaya
4870,ATM A,Medan
4871,ATM E,Surabaya
4872,ATM E,Bandung
4873,ATM B,Yogyakarta
4874,ATM A,Bandung
4875,ATM D,Yogyakarta
4876,ATM D,Jakarta
4877,ATM E,Jakarta
4878,ATM C,Yogyakarta
4879,ATM C,Jakarta
4880,ATM C,Bandung
4881,ATM C,Jakarta
4882,ATM B,Bandung
4883,ATM D,Yogyakarta
4884,ATM D,Surabaya
4885,ATM E,Bandung
4886,ATM D,Bandung
4887,ATM D,Medan
4888,ATM D,Surabaya
4889,ATM A,Jakarta
4890,ATM C,Jakarta
4891,ATM C,Bandung
4892,ATM E,Yogyakarta
4893,ATM B,Medan
4894,ATM D,Bandung
4895,ATM D,Surabaya
4896,ATM D,Surabaya
4897,ATM D,Yogyakarta
4898,ATM E,Surabaya
4899,ATM A,Surabaya
4900,ATM C,Yogyakarta
4901,ATM C,Medan
4902,ATM B,Surabaya
4903,ATM C,Medan
4904,ATM E,Jakarta
4905,ATM E,Bandung
4906,ATM E,Bandung
4907,ATM B,Surabaya
4908,ATM E,Bandung
4909,ATM A,Jakarta
4910,ATM C,Bandung
4911,ATM D,Bandung
4912,ATM D,Bandung
4913,ATM E,Surabaya
4914,ATM D,Yogyakarta
4915,ATM D,Bandung
4916,ATM B,Bandung
4917,ATM C,Yogyakarta
4918,ATM D,Surabaya
4919,ATM B,Yogyakarta
4920,ATM B,Jakarta
4921,ATM D,Yogyakarta
4922,ATM C,Bandung
4923,ATM A,Bandung
4924,ATM E,Surabaya
4925,ATM A,Medan
4926,ATM C,Surabaya
4927,ATM C,Yogyakarta
4928,ATM C,Medan
4929,ATM A,Bandung
4930,ATM B,Surabaya
4931,ATM D,Medan
4932,ATM C,Bandung
4933,ATM E,Jakarta
4934,ATM E,Yogyakarta
4935,ATM B,Bandung
4936,ATM A,Jakarta
4937,ATM B,Bandung
4938,ATM C,Jakarta
4939,ATM E,Yogyakarta
4940,ATM A,Jakarta
4941,ATM B,Medan
4942,ATM A,Yogyakarta
4943,ATM C,Jakarta
4944,ATM E,Jakarta
4945,ATM C,Yogyakarta
4946,ATM D,Jakarta
4947,ATM E,Bandung
4948,ATM C,Surabaya
4949,ATM A,Medan
4950,ATM D,Bandung
4951,ATM A,Bandung
4952,ATM B,Bandung
4953,ATM A,Yogyakarta
4954,ATM C,Medan
4955,ATM B,Yogyakarta
4956,ATM E,Surabaya
4957,ATM A,Surabaya
4958,ATM B,Bandung
4959,ATM A,Surabaya
4960,ATM C,Surabaya
4961,ATM A,Medan
4962,ATM C,Surabaya
4963,ATM C,Jakarta
4964,ATM C,Medan
4965,ATM D,Jakarta
4966,ATM C,Yogyakarta
4967,ATM B,Bandung
4968,ATM E,Yogyakarta
4969,ATM D,Yogyakarta
4970,ATM D,Yogyakarta
4971,ATM A,Bandung
4972,ATM C,Medan
4973,ATM C,Bandung
4974,ATM E,Medan
4975,ATM C,Yogyakarta
4976,ATM B,Jakarta
4977,ATM E,Surabaya
4978,ATM B,Jakarta
4979,ATM B,Medan
4980,ATM D,Jakarta
4981,ATM A,Jakarta
4982,ATM E,Bandung
4983,ATM B,Bandung
4984,ATM D,Medan
4985,ATM D,Bandung
4986,ATM A,Bandung
4987,ATM D,Surabaya
4988,ATM D,Bandung
4989,ATM A,Bandung
4990,ATM B,Jakarta
4991,ATM C,Surabaya
4992,ATM E,Surabaya
4993,ATM D,Yogyakarta
4994,ATM D,Medan
4995,ATM D,Surabaya
4996,ATM D,Yogyakarta
4997,ATM E,Medan
4998,ATM A,Surabaya
4999,ATM A,Medan
5000,ATM E,Jakarta
